[{"model": "admin.logentry", "pk": 1, "fields": {"action_time": "2020-09-02T19:13:23.132", "user": 10, "content_type": 4, "object_id": "5", "object_repr": "anotherresto@mail.com", "action_flag": 3, "change_message": ""}}, {"model": "admin.logentry", "pk": 2, "fields": {"action_time": "2020-09-02T19:13:23.135", "user": 10, "content_type": 4, "object_id": "3", "object_repr": "assietteandco@mail.com", "action_flag": 3, "change_message": ""}}, {"model": "admin.logentry", "pk": 3, "fields": {"action_time": "2020-09-02T19:13:23.137", "user": 10, "content_type": 4, "object_id": "4", "object_repr": "newassiette@mail.com", "action_flag": 3, "change_message": ""}}, {"model": "admin.logentry", "pk": 4, "fields": {"action_time": "2020-09-02T19:13:23.139", "user": 10, "content_type": 4, "object_id": "2", "object_repr": "othergdu@mail.com", "action_flag": 3, "change_message": ""}}, {"model": "admin.logentry", "pk": 5, "fields": {"action_time": "2020-09-02T19:13:23.142", "user": 10, "content_type": 4, "object_id": "8", "object_repr": "test2@mail.com", "action_flag": 3, "change_message": ""}}, {"model": "admin.logentry", "pk": 6, "fields": {"action_time": "2020-09-02T19:13:23.144", "user": 10, "content_type": 4, "object_id": "7", "object_repr": "test@mail.com", "action_flag": 3, "change_message": ""}}, {"model": "admin.logentry", "pk": 7, "fields": {"action_time": "2020-09-02T19:13:23.146", "user": 10, "content_type": 4, "object_id": "6", "object_repr": "user@mail.com", "action_flag": 3, "change_message": ""}}, {"model": "admin.logentry", "pk": 8, "fields": {"action_time": "2020-09-08T14:59:56.425", "user": 10, "content_type": 15, "object_id": "7", "object_repr": "Bosque Blue", "action_flag": 2, "change_message": "[{\"changed\": {\"fields\": [\"Stock\", \"Image\"]}}]"}}, {"model": "admin.logentry", "pk": 9, "fields": {"action_time": "2020-09-08T15:11:08.340", "user": 10, "content_type": 15, "object_id": "7", "object_repr": "Bosque Blue", "action_flag": 2, "change_message": "[{\"changed\": {\"fields\": [\"Stock\"]}}]"}}, {"model": "admin.logentry", "pk": 10, "fields": {"action_time": "2020-09-08T15:12:24.312", "user": 10, "content_type": 15, "object_id": "7", "object_repr": "Bosque Blue", "action_flag": 2, "change_message": "[{\"changed\": {\"fields\": [\"Stock\"]}}]"}}, {"model": "admin.logentry", "pk": 11, "fields": {"action_time": "2020-09-08T15:23:12.568", "user": 10, "content_type": 15, "object_id": "7", "object_repr": "Bosque Blue", "action_flag": 2, "change_message": "[{\"changed\": {\"fields\": [\"Stock\"]}}]"}}, {"model": "admin.logentry", "pk": 12, "fields": {"action_time": "2020-09-08T15:29:59.965", "user": 10, "content_type": 15, "object_id": "7", "object_repr": "Bosque Blue", "action_flag": 2, "change_message": "[{\"changed\": {\"fields\": [\"Stock\"]}}]"}}, {"model": "admin.logentry", "pk": 13, "fields": {"action_time": "2020-09-08T15:35:42.048", "user": 10, "content_type": 15, "object_id": "8", "object_repr": "Coeur de boeuf", "action_flag": 2, "change_message": "[{\"changed\": {\"fields\": [\"Stock\", \"Image\"]}}]"}}, {"model": "admin.logentry", "pk": 14, "fields": {"action_time": "2020-09-08T15:36:22.287", "user": 10, "content_type": 15, "object_id": "7", "object_repr": "Bosque Blue", "action_flag": 2, "change_message": "[{\"changed\": {\"fields\": [\"Stock\"]}}]"}}, {"model": "admin.logentry", "pk": 15, "fields": {"action_time": "2020-09-08T15:43:46.928", "user": 10, "content_type": 15, "object_id": "7", "object_repr": "Bosque Blue", "action_flag": 2, "change_message": "[{\"changed\": {\"fields\": [\"Stock\"]}}]"}}, {"model": "admin.logentry", "pk": 16, "fields": {"action_time": "2020-09-08T15:48:19.728", "user": 10, "content_type": 15, "object_id": "8", "object_repr": "Coeur de boeuf", "action_flag": 2, "change_message": "[{\"changed\": {\"fields\": [\"Stock\"]}}]"}}, {"model": "admin.logentry", "pk": 17, "fields": {"action_time": "2020-09-08T15:48:41.947", "user": 10, "content_type": 15, "object_id": "7", "object_repr": "Bosque Blue", "action_flag": 2, "change_message": "[{\"changed\": {\"fields\": [\"Stock\"]}}]"}}, {"model": "admin.logentry", "pk": 18, "fields": {"action_time": "2020-09-08T15:58:59.718", "user": 10, "content_type": 15, "object_id": "8", "object_repr": "Coeur de boeuf", "action_flag": 2, "change_message": "[{\"changed\": {\"fields\": [\"Stock\"]}}]"}}, {"model": "admin.logentry", "pk": 19, "fields": {"action_time": "2020-09-08T16:37:51.560", "user": 10, "content_type": 15, "object_id": "8", "object_repr": "Coeur de boeuf", "action_flag": 2, "change_message": "[{\"changed\": {\"fields\": [\"Stock\"]}}]"}}, {"model": "admin.logentry", "pk": 20, "fields": {"action_time": "2020-09-09T09:24:21.621", "user": 10, "content_type": 15, "object_id": "8", "object_repr": "Coeur de boeuf", "action_flag": 2, "change_message": "[{\"changed\": {\"fields\": [\"Stock\"]}}]"}}, {"model": "admin.logentry", "pk": 21, "fields": {"action_time": "2020-09-09T09:24:34.887", "user": 10, "content_type": 15, "object_id": "7", "object_repr": "Bosque Blue", "action_flag": 2, "change_message": "[{\"changed\": {\"fields\": [\"Stock\"]}}]"}}, {"model": "admin.logentry", "pk": 22, "fields": {"action_time": "2020-09-09T09:36:45.701", "user": 10, "content_type": 15, "object_id": "8", "object_repr": "Coeur de boeuf", "action_flag": 2, "change_message": "[{\"changed\": {\"fields\": [\"Stock\"]}}]"}}, {"model": "admin.logentry", "pk": 23, "fields": {"action_time": "2020-09-09T10:39:06.765", "user": 10, "content_type": 15, "object_id": "8", "object_repr": "Coeur de boeuf", "action_flag": 2, "change_message": "[{\"changed\": {\"fields\": [\"Stock\"]}}]"}}, {"model": "admin.logentry", "pk": 24, "fields": {"action_time": "2020-09-09T10:39:43.096", "user": 10, "content_type": 15, "object_id": "8", "object_repr": "Coeur de boeuf", "action_flag": 2, "change_message": "[{\"changed\": {\"fields\": [\"Stock\"]}}]"}}, {"model": "admin.logentry", "pk": 25, "fields": {"action_time": "2020-09-09T10:41:56.810", "user": 10, "content_type": 15, "object_id": "8", "object_repr": "Coeur de boeuf", "action_flag": 2, "change_message": "[{\"changed\": {\"fields\": [\"Stock\"]}}]"}}, {"model": "admin.logentry", "pk": 26, "fields": {"action_time": "2020-09-09T10:42:23.129", "user": 10, "content_type": 15, "object_id": "8", "object_repr": "Coeur de boeuf", "action_flag": 2, "change_message": "[{\"changed\": {\"fields\": [\"Stock\"]}}]"}}, {"model": "admin.logentry", "pk": 27, "fields": {"action_time": "2020-09-09T10:53:29.223", "user": 10, "content_type": 15, "object_id": "8", "object_repr": "Coeur de boeuf", "action_flag": 2, "change_message": "[{\"changed\": {\"fields\": [\"Stock\"]}}]"}}, {"model": "admin.logentry", "pk": 28, "fields": {"action_time": "2020-09-09T10:53:49.641", "user": 10, "content_type": 15, "object_id": "8", "object_repr": "Coeur de boeuf", "action_flag": 2, "change_message": "[{\"changed\": {\"fields\": [\"Stock\"]}}]"}}, {"model": "admin.logentry", "pk": 29, "fields": {"action_time": "2020-09-09T10:55:26.729", "user": 10, "content_type": 15, "object_id": "8", "object_repr": "Coeur de boeuf", "action_flag": 2, "change_message": "[{\"changed\": {\"fields\": [\"Stock\"]}}]"}}, {"model": "admin.logentry", "pk": 30, "fields": {"action_time": "2020-09-09T10:55:56.772", "user": 10, "content_type": 15, "object_id": "8", "object_repr": "Coeur de boeuf", "action_flag": 2, "change_message": "[{\"changed\": {\"fields\": [\"Stock\"]}}]"}}, {"model": "admin.logentry", "pk": 31, "fields": {"action_time": "2020-09-09T11:04:14.142", "user": 10, "content_type": 15, "object_id": "8", "object_repr": "Coeur de boeuf", "action_flag": 2, "change_message": "[{\"changed\": {\"fields\": [\"Stock\"]}}]"}}, {"model": "admin.logentry", "pk": 32, "fields": {"action_time": "2020-09-09T11:04:52.745", "user": 10, "content_type": 15, "object_id": "8", "object_repr": "Coeur de boeuf", "action_flag": 2, "change_message": "[{\"changed\": {\"fields\": [\"Stock\"]}}]"}}, {"model": "admin.logentry", "pk": 33, "fields": {"action_time": "2020-09-09T11:06:35.018", "user": 10, "content_type": 15, "object_id": "8", "object_repr": "Coeur de boeuf", "action_flag": 2, "change_message": "[{\"changed\": {\"fields\": [\"Stock\"]}}]"}}, {"model": "admin.logentry", "pk": 34, "fields": {"action_time": "2020-09-09T11:06:47.629", "user": 10, "content_type": 15, "object_id": "8", "object_repr": "Coeur de boeuf", "action_flag": 2, "change_message": "[{\"changed\": {\"fields\": [\"Stock\"]}}]"}}, {"model": "admin.logentry", "pk": 35, "fields": {"action_time": "2020-09-09T11:08:05.569", "user": 10, "content_type": 15, "object_id": "8", "object_repr": "Coeur de boeuf", "action_flag": 2, "change_message": "[{\"changed\": {\"fields\": [\"Stock\"]}}]"}}, {"model": "admin.logentry", "pk": 36, "fields": {"action_time": "2020-09-09T11:08:44.567", "user": 10, "content_type": 15, "object_id": "8", "object_repr": "Coeur de boeuf", "action_flag": 2, "change_message": "[{\"changed\": {\"fields\": [\"Stock\"]}}]"}}, {"model": "admin.logentry", "pk": 37, "fields": {"action_time": "2020-09-09T11:14:32.542", "user": 10, "content_type": 15, "object_id": "8", "object_repr": "Coeur de boeuf", "action_flag": 2, "change_message": "[{\"changed\": {\"fields\": [\"Stock\"]}}]"}}, {"model": "admin.logentry", "pk": 38, "fields": {"action_time": "2020-09-09T11:20:20.751", "user": 10, "content_type": 15, "object_id": "8", "object_repr": "Coeur de boeuf", "action_flag": 2, "change_message": "[{\"changed\": {\"fields\": [\"Stock\"]}}]"}}, {"model": "admin.logentry", "pk": 39, "fields": {"action_time": "2020-09-09T11:20:38.784", "user": 10, "content_type": 15, "object_id": "8", "object_repr": "Coeur de boeuf", "action_flag": 2, "change_message": "[{\"changed\": {\"fields\": [\"Stock\"]}}]"}}, {"model": "admin.logentry", "pk": 40, "fields": {"action_time": "2020-09-09T11:23:31.261", "user": 10, "content_type": 15, "object_id": "8", "object_repr": "Coeur de boeuf", "action_flag": 2, "change_message": "[{\"changed\": {\"fields\": [\"Stock\"]}}]"}}, {"model": "admin.logentry", "pk": 41, "fields": {"action_time": "2020-09-09T11:26:50.791", "user": 10, "content_type": 15, "object_id": "8", "object_repr": "Coeur de boeuf", "action_flag": 2, "change_message": "[{\"changed\": {\"fields\": [\"Stock\"]}}]"}}, {"model": "admin.logentry", "pk": 42, "fields": {"action_time": "2020-09-09T11:29:58.767", "user": 10, "content_type": 15, "object_id": "8", "object_repr": "Coeur de boeuf", "action_flag": 2, "change_message": "[{\"changed\": {\"fields\": [\"Stock\"]}}]"}}, {"model": "admin.logentry", "pk": 43, "fields": {"action_time": "2020-09-09T11:32:51.170", "user": 10, "content_type": 15, "object_id": "8", "object_repr": "Coeur de boeuf", "action_flag": 2, "change_message": "[{\"changed\": {\"fields\": [\"Stock\"]}}]"}}, {"model": "admin.logentry", "pk": 44, "fields": {"action_time": "2020-09-09T11:42:48.435", "user": 10, "content_type": 15, "object_id": "8", "object_repr": "Coeur de boeuf", "action_flag": 2, "change_message": "[{\"changed\": {\"fields\": [\"Stock\"]}}]"}}, {"model": "admin.logentry", "pk": 45, "fields": {"action_time": "2020-09-09T11:42:57.132", "user": 10, "content_type": 15, "object_id": "8", "object_repr": "Coeur de boeuf", "action_flag": 2, "change_message": "[{\"changed\": {\"fields\": [\"Stock\"]}}]"}}, {"model": "admin.logentry", "pk": 46, "fields": {"action_time": "2020-09-09T11:43:29.431", "user": 10, "content_type": 15, "object_id": "8", "object_repr": "Coeur de boeuf", "action_flag": 2, "change_message": "[{\"changed\": {\"fields\": [\"Stock\"]}}]"}}, {"model": "admin.logentry", "pk": 47, "fields": {"action_time": "2020-09-09T11:49:45.440", "user": 10, "content_type": 15, "object_id": "8", "object_repr": "Coeur de boeuf", "action_flag": 2, "change_message": "[{\"changed\": {\"fields\": [\"Stock\"]}}]"}}, {"model": "admin.logentry", "pk": 48, "fields": {"action_time": "2020-09-09T11:49:59.420", "user": 10, "content_type": 15, "object_id": "8", "object_repr": "Coeur de boeuf", "action_flag": 2, "change_message": "[{\"changed\": {\"fields\": [\"Stock\"]}}]"}}, {"model": "admin.logentry", "pk": 49, "fields": {"action_time": "2020-09-09T12:20:57.221", "user": 10, "content_type": 15, "object_id": "8", "object_repr": "Coeur de boeuf", "action_flag": 2, "change_message": "[{\"changed\": {\"fields\": [\"Stock\"]}}]"}}, {"model": "admin.logentry", "pk": 50, "fields": {"action_time": "2020-09-09T12:23:32.203", "user": 10, "content_type": 15, "object_id": "8", "object_repr": "Coeur de boeuf", "action_flag": 2, "change_message": "[{\"changed\": {\"fields\": [\"Stock\"]}}]"}}, {"model": "admin.logentry", "pk": 51, "fields": {"action_time": "2020-09-09T12:23:46.392", "user": 10, "content_type": 15, "object_id": "8", "object_repr": "Coeur de boeuf", "action_flag": 2, "change_message": "[{\"changed\": {\"fields\": [\"Stock\"]}}]"}}, {"model": "admin.logentry", "pk": 52, "fields": {"action_time": "2020-09-09T12:56:43.571", "user": 10, "content_type": 15, "object_id": "8", "object_repr": "Coeur de boeuf", "action_flag": 2, "change_message": "[{\"changed\": {\"fields\": [\"Stock\"]}}]"}}, {"model": "admin.logentry", "pk": 53, "fields": {"action_time": "2020-09-09T13:00:23.083", "user": 10, "content_type": 15, "object_id": "8", "object_repr": "Coeur de boeuf", "action_flag": 2, "change_message": "[{\"changed\": {\"fields\": [\"Stock\"]}}]"}}, {"model": "admin.logentry", "pk": 54, "fields": {"action_time": "2020-09-09T13:08:03.017", "user": 10, "content_type": 15, "object_id": "8", "object_repr": "Coeur de boeuf", "action_flag": 2, "change_message": "[{\"changed\": {\"fields\": [\"Stock\"]}}]"}}, {"model": "admin.logentry", "pk": 55, "fields": {"action_time": "2020-09-09T13:09:49.169", "user": 10, "content_type": 15, "object_id": "8", "object_repr": "Coeur de boeuf", "action_flag": 2, "change_message": "[{\"changed\": {\"fields\": [\"Stock\"]}}]"}}, {"model": "admin.logentry", "pk": 56, "fields": {"action_time": "2020-09-09T13:17:47.266", "user": 10, "content_type": 15, "object_id": "8", "object_repr": "Coeur de boeuf", "action_flag": 2, "change_message": "[{\"changed\": {\"fields\": [\"Stock\"]}}]"}}, {"model": "admin.logentry", "pk": 57, "fields": {"action_time": "2020-09-09T13:33:48.643", "user": 10, "content_type": 15, "object_id": "8", "object_repr": "Coeur de boeuf", "action_flag": 2, "change_message": "[{\"changed\": {\"fields\": [\"Stock\"]}}]"}}, {"model": "admin.logentry", "pk": 58, "fields": {"action_time": "2020-09-09T13:33:57.259", "user": 10, "content_type": 15, "object_id": "8", "object_repr": "Coeur de boeuf", "action_flag": 2, "change_message": "[{\"changed\": {\"fields\": [\"Stock\"]}}]"}}, {"model": "admin.logentry", "pk": 59, "fields": {"action_time": "2020-09-09T13:36:46.121", "user": 10, "content_type": 15, "object_id": "8", "object_repr": "Coeur de boeuf", "action_flag": 2, "change_message": "[{\"changed\": {\"fields\": [\"Stock\"]}}]"}}, {"model": "admin.logentry", "pk": 60, "fields": {"action_time": "2020-09-09T13:42:02.342", "user": 10, "content_type": 15, "object_id": "8", "object_repr": "Coeur de boeuf", "action_flag": 2, "change_message": "[{\"changed\": {\"fields\": [\"Stock\"]}}]"}}, {"model": "admin.logentry", "pk": 61, "fields": {"action_time": "2020-09-09T13:43:53.715", "user": 10, "content_type": 15, "object_id": "8", "object_repr": "Coeur de boeuf", "action_flag": 2, "change_message": "[{\"changed\": {\"fields\": [\"Stock\"]}}]"}}, {"model": "admin.logentry", "pk": 62, "fields": {"action_time": "2020-09-09T14:02:27.736", "user": 10, "content_type": 15, "object_id": "8", "object_repr": "Coeur de boeuf", "action_flag": 2, "change_message": "[{\"changed\": {\"fields\": [\"Stock\"]}}]"}}, {"model": "admin.logentry", "pk": 63, "fields": {"action_time": "2020-09-09T15:15:30.361", "user": 10, "content_type": 15, "object_id": "8", "object_repr": "Coeur de boeuf", "action_flag": 2, "change_message": "[{\"changed\": {\"fields\": [\"Stock\"]}}]"}}, {"model": "admin.logentry", "pk": 64, "fields": {"action_time": "2020-09-09T15:16:32.126", "user": 10, "content_type": 15, "object_id": "8", "object_repr": "Coeur de boeuf", "action_flag": 2, "change_message": "[{\"changed\": {\"fields\": [\"Stock\"]}}]"}}, {"model": "admin.logentry", "pk": 65, "fields": {"action_time": "2020-09-09T15:21:42.788", "user": 10, "content_type": 15, "object_id": "8", "object_repr": "Coeur de boeuf", "action_flag": 2, "change_message": "[{\"changed\": {\"fields\": [\"Stock\"]}}]"}}, {"model": "admin.logentry", "pk": 66, "fields": {"action_time": "2020-09-09T15:23:43.852", "user": 10, "content_type": 15, "object_id": "8", "object_repr": "Coeur de boeuf", "action_flag": 2, "change_message": "[{\"changed\": {\"fields\": [\"Stock\"]}}]"}}, {"model": "admin.logentry", "pk": 67, "fields": {"action_time": "2020-09-09T15:25:18.314", "user": 10, "content_type": 15, "object_id": "8", "object_repr": "Coeur de boeuf", "action_flag": 2, "change_message": "[{\"changed\": {\"fields\": [\"Stock\"]}}]"}}, {"model": "admin.logentry", "pk": 68, "fields": {"action_time": "2020-09-09T15:29:31.109", "user": 10, "content_type": 15, "object_id": "8", "object_repr": "Coeur de boeuf", "action_flag": 2, "change_message": "[{\"changed\": {\"fields\": [\"Stock\"]}}]"}}, {"model": "admin.logentry", "pk": 69, "fields": {"action_time": "2020-09-09T15:34:42.238", "user": 10, "content_type": 15, "object_id": "8", "object_repr": "Coeur de boeuf", "action_flag": 2, "change_message": "[{\"changed\": {\"fields\": [\"Stock\"]}}]"}}, {"model": "admin.logentry", "pk": 70, "fields": {"action_time": "2020-09-09T16:17:31.231", "user": 10, "content_type": 15, "object_id": "8", "object_repr": "Coeur de boeuf", "action_flag": 2, "change_message": "[{\"changed\": {\"fields\": [\"Stock\"]}}]"}}, {"model": "admin.logentry", "pk": 71, "fields": {"action_time": "2020-09-09T16:21:32.389", "user": 10, "content_type": 15, "object_id": "8", "object_repr": "Coeur de boeuf", "action_flag": 2, "change_message": "[{\"changed\": {\"fields\": [\"Stock\"]}}]"}}, {"model": "admin.logentry", "pk": 72, "fields": {"action_time": "2020-09-10T14:15:11.075", "user": 10, "content_type": 15, "object_id": "8", "object_repr": "Coeur de boeuf", "action_flag": 2, "change_message": "[{\"changed\": {\"fields\": [\"Stock\"]}}]"}}, {"model": "admin.logentry", "pk": 73, "fields": {"action_time": "2020-09-11T09:05:37.766", "user": 10, "content_type": 21, "object_id": "1", "object_repr": "Marché d'Armentières - 1 place mimosa None, 59280 Armentières - withdrawal", "action_flag": 2, "change_message": "[{\"changed\": {\"fields\": [\"Max command\"]}}]"}}, {"model": "admin.logentry", "pk": 74, "fields": {"action_time": "2020-09-11T09:07:04.523", "user": 10, "content_type": 21, "object_id": "1", "object_repr": "Marché d'Armentières - 1 place mimosa None, 59280 Armentières - withdrawal", "action_flag": 2, "change_message": "[{\"changed\": {\"fields\": [\"Max command\"]}}]"}}, {"model": "admin.logentry", "pk": 75, "fields": {"action_time": "2020-09-11T09:08:34.844", "user": 10, "content_type": 19, "object_id": "6", "object_repr": "6 - Boulangerie au bon pain - 40 avenue des peupliers None, 59118 Wambrechies - locker", "action_flag": 2, "change_message": "[{\"changed\": {\"fields\": [\"Disponibility\"]}}]"}}, {"model": "admin.logentry", "pk": 76, "fields": {"action_time": "2020-09-11T09:09:00.585", "user": 10, "content_type": 19, "object_id": "6", "object_repr": "6 - Boulangerie au bon pain - 40 avenue des peupliers None, 59118 Wambrechies - locker", "action_flag": 2, "change_message": "[{\"changed\": {\"fields\": [\"Disponibility\"]}}]"}}, {"model": "admin.logentry", "pk": 77, "fields": {"action_time": "2020-09-11T09:49:19.312", "user": 10, "content_type": 21, "object_id": "2", "object_repr": "a la ferme - 28 rue du beau champs None, 59890 Quesnoy - withdrawal", "action_flag": 2, "change_message": "[{\"changed\": {\"fields\": [\"Max command\"]}}]"}}, {"model": "admin.logentry", "pk": 78, "fields": {"action_time": "2020-09-11T09:49:24.576", "user": 10, "content_type": 21, "object_id": "1", "object_repr": "Marché d'Armentières - 1 place mimosa None, 59280 Armentières - withdrawal", "action_flag": 2, "change_message": "[{\"changed\": {\"fields\": [\"Max command\"]}}]"}}, {"model": "admin.logentry", "pk": 79, "fields": {"action_time": "2020-09-11T09:49:52.028", "user": 10, "content_type": 21, "object_id": "1", "object_repr": "Marché d'Armentières - 1 place mimosa None, 59280 Armentières - withdrawal", "action_flag": 2, "change_message": "[{\"changed\": {\"fields\": [\"Max command\"]}}]"}}, {"model": "admin.logentry", "pk": 80, "fields": {"action_time": "2020-09-11T09:50:50.850", "user": 10, "content_type": 21, "object_id": "2", "object_repr": "a la ferme - 28 rue du beau champs None, 59890 Quesnoy - withdrawal", "action_flag": 2, "change_message": "[{\"changed\": {\"fields\": [\"Max command\"]}}]"}}, {"model": "admin.logentry", "pk": 81, "fields": {"action_time": "2020-09-11T12:41:24.187", "user": 10, "content_type": 15, "object_id": "8", "object_repr": "Coeur de boeuf", "action_flag": 2, "change_message": "[{\"changed\": {\"fields\": [\"Stock\"]}}]"}}, {"model": "admin.logentry", "pk": 82, "fields": {"action_time": "2020-09-11T12:42:06.142", "user": 10, "content_type": 15, "object_id": "8", "object_repr": "Coeur de boeuf", "action_flag": 2, "change_message": "[{\"changed\": {\"fields\": [\"Stock\"]}}]"}}, {"model": "admin.logentry", "pk": 83, "fields": {"action_time": "2020-09-11T12:42:47.062", "user": 10, "content_type": 15, "object_id": "8", "object_repr": "Coeur de boeuf", "action_flag": 2, "change_message": "[{\"changed\": {\"fields\": [\"Stock\"]}}]"}}, {"model": "admin.logentry", "pk": 84, "fields": {"action_time": "2020-09-11T14:11:48.610", "user": 10, "content_type": 15, "object_id": "8", "object_repr": "Coeur de boeuf", "action_flag": 2, "change_message": "[{\"changed\": {\"fields\": [\"Stock\"]}}]"}}, {"model": "admin.logentry", "pk": 85, "fields": {"action_time": "2020-09-14T11:48:00.324", "user": 10, "content_type": 15, "object_id": "9", "object_repr": "Green zebra", "action_flag": 2, "change_message": "[{\"changed\": {\"fields\": [\"Image\"]}}]"}}, {"model": "admin.logentry", "pk": 86, "fields": {"action_time": "2020-09-14T12:00:52.325", "user": 10, "content_type": 15, "object_id": "9", "object_repr": "Green zebra", "action_flag": 2, "change_message": "[{\"changed\": {\"fields\": [\"Image\"]}}]"}}, {"model": "admin.logentry", "pk": 87, "fields": {"action_time": "2020-09-14T12:04:50.798", "user": 10, "content_type": 15, "object_id": "9", "object_repr": "Green zebra", "action_flag": 2, "change_message": "[{\"changed\": {\"fields\": [\"Image\"]}}]"}}, {"model": "admin.logentry", "pk": 88, "fields": {"action_time": "2020-09-14T12:22:18.566", "user": 10, "content_type": 15, "object_id": "9", "object_repr": "Green zebra", "action_flag": 2, "change_message": "[{\"changed\": {\"fields\": [\"Image\"]}}]"}}, {"model": "admin.logentry", "pk": 89, "fields": {"action_time": "2020-09-14T12:26:07.156", "user": 10, "content_type": 15, "object_id": "9", "object_repr": "Green zebra", "action_flag": 2, "change_message": "[{\"changed\": {\"fields\": [\"Image\"]}}]"}}, {"model": "admin.logentry", "pk": 90, "fields": {"action_time": "2020-09-14T12:50:48.433", "user": 10, "content_type": 15, "object_id": "8", "object_repr": "Coeur de boeuf", "action_flag": 2, "change_message": "[{\"changed\": {\"fields\": [\"Image\"]}}]"}}, {"model": "admin.logentry", "pk": 91, "fields": {"action_time": "2020-09-14T12:51:11.217", "user": 10, "content_type": 15, "object_id": "7", "object_repr": "Bosque Blue", "action_flag": 2, "change_message": "[{\"changed\": {\"fields\": [\"Image\"]}}]"}}, {"model": "admin.logentry", "pk": 92, "fields": {"action_time": "2020-09-14T12:51:32.968", "user": 10, "content_type": 15, "object_id": "3", "object_repr": "batavia", "action_flag": 2, "change_message": "[{\"changed\": {\"fields\": [\"Image\"]}}]"}}, {"model": "admin.logentry", "pk": 93, "fields": {"action_time": "2020-09-14T12:52:05.779", "user": 10, "content_type": 15, "object_id": "2", "object_repr": "mâche", "action_flag": 2, "change_message": "[{\"changed\": {\"fields\": [\"Image\"]}}]"}}, {"model": "admin.logentry", "pk": 94, "fields": {"action_time": "2020-09-14T12:52:31.949", "user": 10, "content_type": 15, "object_id": "1", "object_repr": "laitue", "action_flag": 2, "change_message": "[{\"changed\": {\"fields\": [\"Image\"]}}]"}}, {"model": "admin.logentry", "pk": 95, "fields": {"action_time": "2020-09-14T12:52:54.186", "user": 10, "content_type": 15, "object_id": "6", "object_repr": "verdil", "action_flag": 2, "change_message": "[{\"changed\": {\"fields\": [\"Image\"]}}]"}}, {"model": "admin.logentry", "pk": 96, "fields": {"action_time": "2020-09-14T12:53:10.828", "user": 10, "content_type": 15, "object_id": "5", "object_repr": "Géant d'hiver", "action_flag": 2, "change_message": "[{\"changed\": {\"fields\": [\"Image\"]}}]"}}, {"model": "admin.logentry", "pk": 97, "fields": {"action_time": "2020-09-14T12:53:32.923", "user": 10, "content_type": 15, "object_id": "4", "object_repr": "Matador", "action_flag": 2, "change_message": "[{\"changed\": {\"fields\": [\"Image\"]}}]"}}, {"model": "admin.logentry", "pk": 98, "fields": {"action_time": "2020-09-14T12:53:58.046", "user": 10, "content_type": 15, "object_id": "12", "object_repr": "New York early", "action_flag": 2, "change_message": "[{\"changed\": {\"fields\": [\"Image\"]}}]"}}, {"model": "admin.logentry", "pk": 99, "fields": {"action_time": "2020-09-14T12:54:08.861", "user": 10, "content_type": 15, "object_id": "11", "object_repr": "Tonda musona", "action_flag": 2, "change_message": "[{\"changed\": {\"fields\": [\"Image\"]}}]"}}, {"model": "admin.logentry", "pk": 100, "fields": {"action_time": "2020-09-14T12:54:22.126", "user": 10, "content_type": 15, "object_id": "10", "object_repr": "Rouge de tropea", "action_flag": 2, "change_message": "[{\"changed\": {\"fields\": [\"Image\"]}}]"}}, {"model": "admin.logentry", "pk": 101, "fields": {"action_time": "2020-09-14T12:55:14.704", "user": 10, "content_type": 15, "object_id": "17", "object_repr": "Bianca Rotonda", "action_flag": 2, "change_message": "[{\"changed\": {\"fields\": [\"Image\"]}}]"}}, {"model": "admin.logentry", "pk": 102, "fields": {"action_time": "2020-09-14T12:55:23.563", "user": 10, "content_type": 15, "object_id": "16", "object_repr": "Japanese Pickling", "action_flag": 2, "change_message": "[{\"changed\": {\"fields\": [\"Image\"]}}]"}}, {"model": "admin.logentry", "pk": 103, "fields": {"action_time": "2020-09-14T12:55:33.618", "user": 10, "content_type": 15, "object_id": "15", "object_repr": "Bianca oval", "action_flag": 2, "change_message": "[{\"changed\": {\"fields\": [\"Image\"]}}]"}}, {"model": "admin.logentry", "pk": 104, "fields": {"action_time": "2020-09-14T12:56:09.197", "user": 10, "content_type": 15, "object_id": "20", "object_repr": "georgescu chocolate", "action_flag": 2, "change_message": "[{\"changed\": {\"fields\": [\"Image\"]}}]"}}, {"model": "admin.logentry", "pk": 105, "fields": {"action_time": "2020-09-14T12:56:19.670", "user": 10, "content_type": 15, "object_id": "19", "object_repr": "sweet jemison", "action_flag": 2, "change_message": "[{\"changed\": {\"fields\": [\"Image\"]}}]"}}, {"model": "admin.logentry", "pk": 106, "fields": {"action_time": "2020-09-14T12:56:28.140", "user": 10, "content_type": 15, "object_id": "18", "object_repr": "buran", "action_flag": 2, "change_message": "[{\"changed\": {\"fields\": [\"Image\"]}}]"}}, {"model": "admin.logentry", "pk": 107, "fields": {"action_time": "2020-09-14T12:56:50.065", "user": 10, "content_type": 15, "object_id": "22", "object_repr": "poona kheera", "action_flag": 2, "change_message": "[{\"changed\": {\"fields\": [\"Image\"]}}]"}}, {"model": "admin.logentry", "pk": 108, "fields": {"action_time": "2020-09-14T12:57:05.961", "user": 10, "content_type": 15, "object_id": "21", "object_repr": "long vert anglais", "action_flag": 2, "change_message": "[{\"changed\": {\"fields\": [\"Image\"]}}]"}}, {"model": "admin.logentry", "pk": 109, "fields": {"action_time": "2020-09-14T12:57:23.649", "user": 10, "content_type": 15, "object_id": "23", "object_repr": "vert petit de paris", "action_flag": 2, "change_message": "[{\"changed\": {\"fields\": [\"Image\"]}}]"}}, {"model": "admin.logentry", "pk": 110, "fields": {"action_time": "2020-09-14T12:57:37.515", "user": 10, "content_type": 15, "object_id": "25", "object_repr": "striato d'italia", "action_flag": 2, "change_message": "[{\"changed\": {\"fields\": [\"Image\"]}}]"}}, {"model": "admin.logentry", "pk": 111, "fields": {"action_time": "2020-09-14T12:57:47.593", "user": 10, "content_type": 15, "object_id": "24", "object_repr": "ronde de nice", "action_flag": 2, "change_message": "[{\"changed\": {\"fields\": [\"Image\"]}}]"}}, {"model": "admin.logentry", "pk": 112, "fields": {"action_time": "2020-09-14T12:58:05.276", "user": 10, "content_type": 15, "object_id": "26", "object_repr": "cherry tine", "action_flag": 2, "change_message": "[{\"changed\": {\"fields\": [\"Image\"]}}]"}}, {"model": "admin.logentry", "pk": 113, "fields": {"action_time": "2020-09-14T12:59:00.147", "user": 10, "content_type": 15, "object_id": "28", "object_repr": "potimarron solor", "action_flag": 2, "change_message": "[{\"changed\": {\"fields\": [\"Image\"]}}]"}}, {"model": "admin.logentry", "pk": 114, "fields": {"action_time": "2020-09-14T12:59:12.662", "user": 10, "content_type": 15, "object_id": "27", "object_repr": "butternut sonca orange", "action_flag": 2, "change_message": "[{\"changed\": {\"fields\": [\"Image\"]}}]"}}, {"model": "admin.logentry", "pk": 115, "fields": {"action_time": "2020-09-14T12:59:52.386", "user": 10, "content_type": 15, "object_id": "29", "object_repr": "bleu d'hiver", "action_flag": 2, "change_message": "[{\"changed\": {\"fields\": [\"Image\"]}}]"}}, {"model": "admin.logentry", "pk": 116, "fields": {"action_time": "2020-09-14T13:00:13.389", "user": 10, "content_type": 15, "object_id": "31", "object_repr": "golden", "action_flag": 2, "change_message": "[{\"changed\": {\"fields\": [\"Image\"]}}]"}}, {"model": "admin.logentry", "pk": 117, "fields": {"action_time": "2020-09-14T13:00:36.867", "user": 10, "content_type": 15, "object_id": "30", "object_repr": "de chioggia", "action_flag": 2, "change_message": "[{\"changed\": {\"fields\": [\"Image\"]}}]"}}, {"model": "admin.logentry", "pk": 118, "fields": {"action_time": "2020-09-14T13:01:02.537", "user": 10, "content_type": 15, "object_id": "34", "object_repr": "rouge à bout blanc", "action_flag": 2, "change_message": "[{\"changed\": {\"fields\": [\"Image\"]}}]"}}, {"model": "admin.logentry", "pk": 119, "fields": {"action_time": "2020-09-14T13:01:24.219", "user": 10, "content_type": 15, "object_id": "33", "object_repr": "bleu d'automne et d'hiver", "action_flag": 2, "change_message": "[{\"changed\": {\"fields\": [\"Image\"]}}]"}}, {"model": "admin.logentry", "pk": 120, "fields": {"action_time": "2020-09-14T13:01:38.975", "user": 10, "content_type": 15, "object_id": "32", "object_repr": "noir rond", "action_flag": 2, "change_message": "[{\"changed\": {\"fields\": [\"Image\"]}}]"}}, {"model": "admin.logentry", "pk": 121, "fields": {"action_time": "2020-09-14T13:02:05.846", "user": 10, "content_type": 15, "object_id": "35", "object_repr": "de colmar", "action_flag": 2, "change_message": "[{\"changed\": {\"fields\": [\"Image\"]}}]"}}, {"model": "admin.logentry", "pk": 122, "fields": {"action_time": "2020-09-14T13:02:21.945", "user": 10, "content_type": 15, "object_id": "37", "object_repr": "de cicco", "action_flag": 2, "change_message": "[{\"changed\": {\"fields\": [\"Image\"]}}]"}}, {"model": "admin.logentry", "pk": 123, "fields": {"action_time": "2020-09-14T13:02:33.412", "user": 10, "content_type": 15, "object_id": "36", "object_repr": "romanesco", "action_flag": 2, "change_message": "[{\"changed\": {\"fields\": [\"Image\"]}}]"}}, {"model": "admin.logentry", "pk": 124, "fields": {"action_time": "2020-09-14T13:03:36.672", "user": 10, "content_type": 15, "object_id": "38", "object_repr": "goodman", "action_flag": 2, "change_message": "[{\"changed\": {\"fields\": [\"Image\"]}}]"}}, {"model": "admin.logentry", "pk": 125, "fields": {"action_time": "2020-09-14T13:03:53.027", "user": 10, "content_type": 15, "object_id": "39", "object_repr": "dyna", "action_flag": 2, "change_message": "[{\"changed\": {\"fields\": [\"Image\"]}}]"}}, {"model": "admin.logentry", "pk": 126, "fields": {"action_time": "2020-09-14T13:04:12.219", "user": 10, "content_type": 15, "object_id": "40", "object_repr": "des quatres saisons", "action_flag": 2, "change_message": "[{\"changed\": {\"fields\": [\"Image\"]}}]"}}, {"model": "admin.logentry", "pk": 127, "fields": {"action_time": "2020-09-14T13:04:41.733", "user": 10, "content_type": 15, "object_id": "41", "object_repr": "western front", "action_flag": 2, "change_message": "[{\"changed\": {\"fields\": [\"Image\"]}}]"}}, {"model": "admin.logentry", "pk": 128, "fields": {"action_time": "2020-09-14T13:05:10.238", "user": 10, "content_type": 15, "object_id": "42", "object_repr": "pack choï nain", "action_flag": 2, "change_message": "[{\"changed\": {\"fields\": [\"Image\"]}}]"}}, {"model": "admin.logentry", "pk": 129, "fields": {"action_time": "2020-09-14T13:05:32.919", "user": 10, "content_type": 15, "object_id": "43", "object_repr": "blanc", "action_flag": 2, "change_message": "[{\"changed\": {\"fields\": [\"Image\"]}}]"}}, {"model": "admin.logentry", "pk": 130, "fields": {"action_time": "2020-09-14T13:05:45.336", "user": 10, "content_type": 15, "object_id": "44", "object_repr": "white gem", "action_flag": 2, "change_message": "[{\"changed\": {\"fields\": [\"Image\"]}}]"}}, {"model": "admin.logentry", "pk": 131, "fields": {"action_time": "2020-09-14T13:06:13.731", "user": 10, "content_type": 15, "object_id": "45", "object_repr": "monarch", "action_flag": 2, "change_message": "[{\"changed\": {\"fields\": [\"Image\"]}}]"}}, {"model": "admin.logentry", "pk": 132, "fields": {"action_time": "2020-09-14T13:06:34.939", "user": 10, "content_type": 15, "object_id": "46", "object_repr": "major dunne", "action_flag": 2, "change_message": "[{\"changed\": {\"fields\": [\"Image\"]}}]"}}, {"model": "admin.logentry", "pk": 133, "fields": {"action_time": "2020-09-14T13:06:59.004", "user": 10, "content_type": 15, "object_id": "48", "object_repr": "hinona kabu", "action_flag": 2, "change_message": "[{\"changed\": {\"fields\": [\"Image\"]}}]"}}, {"model": "admin.logentry", "pk": 134, "fields": {"action_time": "2020-09-14T13:07:18.435", "user": 10, "content_type": 15, "object_id": "47", "object_repr": "de milan", "action_flag": 2, "change_message": "[{\"changed\": {\"fields\": [\"Image\"]}}]"}}, {"model": "admin.logentry", "pk": 135, "fields": {"action_time": "2020-09-14T13:07:37.040", "user": 10, "content_type": 15, "object_id": "50", "object_repr": "à cardes jaunes", "action_flag": 2, "change_message": "[{\"changed\": {\"fields\": [\"Image\"]}}]"}}, {"model": "admin.logentry", "pk": 136, "fields": {"action_time": "2020-09-14T13:07:58.417", "user": 10, "content_type": 15, "object_id": "49", "object_repr": "pink passion", "action_flag": 2, "change_message": "[{\"changed\": {\"fields\": [\"Image\"]}}]"}}, {"model": "admin.logentry", "pk": 137, "fields": {"action_time": "2020-09-14T13:08:15.342", "user": 10, "content_type": 15, "object_id": "52", "object_repr": "merveille de venise", "action_flag": 2, "change_message": "[{\"changed\": {\"fields\": [\"Image\"]}}]"}}, {"model": "admin.logentry", "pk": 138, "fields": {"action_time": "2020-09-14T13:08:34.177", "user": 10, "content_type": 15, "object_id": "51", "object_repr": "reine des pourpres", "action_flag": 2, "change_message": "[{\"changed\": {\"fields\": [\"Image\"]}}]"}}, {"model": "admin.logentry", "pk": 139, "fields": {"action_time": "2020-09-14T13:08:57.526", "user": 10, "content_type": 15, "object_id": "53", "object_repr": "géant suisse", "action_flag": 2, "change_message": "[{\"changed\": {\"fields\": [\"Image\"]}}]"}}, {"model": "admin.logentry", "pk": 140, "fields": {"action_time": "2020-09-14T13:09:13.826", "user": 10, "content_type": 15, "object_id": "54", "object_repr": "imperial star", "action_flag": 2, "change_message": "[{\"changed\": {\"fields\": [\"Image\"]}}]"}}, {"model": "admin.logentry", "pk": 141, "fields": {"action_time": "2020-09-14T13:09:30.141", "user": 10, "content_type": 15, "object_id": "55", "object_repr": "zefa tardo", "action_flag": 2, "change_message": "[{\"changed\": {\"fields\": [\"Image\"]}}]"}}, {"model": "admin.logentry", "pk": 142, "fields": {"action_time": "2020-09-14T13:09:44.445", "user": 10, "content_type": 15, "object_id": "56", "object_repr": "percel", "action_flag": 2, "change_message": "[{\"changed\": {\"fields\": [\"Image\"]}}]"}}, {"model": "admin.logentry", "pk": 143, "fields": {"action_time": "2020-09-14T13:09:56.528", "user": 10, "content_type": 15, "object_id": "57", "object_repr": "cantaloup charentais", "action_flag": 2, "change_message": "[{\"changed\": {\"fields\": [\"Image\"]}}]"}}, {"model": "admin.logentry", "pk": 144, "fields": {"action_time": "2020-09-14T13:10:57.875", "user": 10, "content_type": 15, "object_id": "59", "object_repr": "zaatar", "action_flag": 2, "change_message": "[{\"changed\": {\"fields\": [\"Image\"]}}]"}}, {"model": "admin.logentry", "pk": 145, "fields": {"action_time": "2020-09-14T13:11:13.205", "user": 10, "content_type": 15, "object_id": "60", "object_repr": "lime", "action_flag": 2, "change_message": "[{\"changed\": {\"fields\": [\"Image\"]}}]"}}, {"model": "admin.logentry", "pk": 146, "fields": {"action_time": "2020-09-14T13:11:26.764", "user": 10, "content_type": 15, "object_id": "61", "object_repr": "géant d'italie", "action_flag": 2, "change_message": "[{\"changed\": {\"fields\": [\"Image\"]}}]"}}, {"model": "admin.logentry", "pk": 147, "fields": {"action_time": "2020-09-14T13:11:41.746", "user": 10, "content_type": 15, "object_id": "63", "object_repr": "gariguette", "action_flag": 2, "change_message": "[{\"changed\": {\"fields\": [\"Image\"]}}]"}}, {"model": "admin.logentry", "pk": 148, "fields": {"action_time": "2020-09-14T13:11:57.055", "user": 10, "content_type": 15, "object_id": "64", "object_repr": "fallgold", "action_flag": 2, "change_message": "[{\"changed\": {\"fields\": [\"Image\"]}}]"}}, {"model": "admin.logentry", "pk": 149, "fields": {"action_time": "2020-09-14T13:12:10.569", "user": 10, "content_type": 15, "object_id": "66", "object_repr": "comice", "action_flag": 2, "change_message": "[{\"changed\": {\"fields\": [\"Image\"]}}]"}}, {"model": "admin.logentry", "pk": 150, "fields": {"action_time": "2020-09-14T13:12:29.502", "user": 10, "content_type": 15, "object_id": "67", "object_repr": "granny smith", "action_flag": 2, "change_message": "[{\"changed\": {\"fields\": [\"Image\"]}}]"}}, {"model": "admin.logentry", "pk": 151, "fields": {"action_time": "2020-09-14T13:12:40.816", "user": 10, "content_type": 15, "object_id": "65", "object_repr": "guyot", "action_flag": 2, "change_message": "[{\"changed\": {\"fields\": [\"Image\"]}}]"}}, {"model": "admin.logentry", "pk": 152, "fields": {"action_time": "2020-09-14T13:12:52.579", "user": 10, "content_type": 15, "object_id": "68", "object_repr": "comté", "action_flag": 2, "change_message": "[{\"changed\": {\"fields\": [\"Image\"]}}]"}}, {"model": "admin.logentry", "pk": 153, "fields": {"action_time": "2020-09-14T13:13:04.110", "user": 10, "content_type": 15, "object_id": "70", "object_repr": "chèvre frais", "action_flag": 2, "change_message": "[{\"changed\": {\"fields\": [\"Image\"]}}]"}}, {"model": "admin.logentry", "pk": 154, "fields": {"action_time": "2020-09-14T13:13:16.434", "user": 10, "content_type": 15, "object_id": "69", "object_repr": "bûche", "action_flag": 2, "change_message": "[{\"changed\": {\"fields\": [\"Image\"]}}]"}}, {"model": "admin.logentry", "pk": 155, "fields": {"action_time": "2020-09-14T13:13:35.948", "user": 10, "content_type": 15, "object_id": "72", "object_repr": "de prairie", "action_flag": 2, "change_message": "[{\"changed\": {\"fields\": [\"Image\"]}}]"}}, {"model": "admin.logentry", "pk": 156, "fields": {"action_time": "2020-09-14T13:13:45.145", "user": 10, "content_type": 15, "object_id": "71", "object_repr": "de sapin", "action_flag": 2, "change_message": "[{\"changed\": {\"fields\": [\"Image\"]}}]"}}, {"model": "admin.logentry", "pk": 157, "fields": {"action_time": "2020-09-14T13:13:58.358", "user": 10, "content_type": 15, "object_id": "74", "object_repr": "par 12", "action_flag": 2, "change_message": "[{\"changed\": {\"fields\": [\"Image\"]}}]"}}, {"model": "admin.logentry", "pk": 158, "fields": {"action_time": "2020-09-14T13:14:10.387", "user": 10, "content_type": 15, "object_id": "73", "object_repr": "par 6", "action_flag": 2, "change_message": "[{\"changed\": {\"fields\": [\"Image\"]}}]"}}, {"model": "admin.logentry", "pk": 159, "fields": {"action_time": "2020-09-14T14:05:13.513", "user": 10, "content_type": 15, "object_id": "13", "object_repr": "commun", "action_flag": 2, "change_message": "[{\"changed\": {\"fields\": [\"Image\"]}}]"}}, {"model": "admin.logentry", "pk": 160, "fields": {"action_time": "2020-09-14T14:05:45.113", "user": 10, "content_type": 15, "object_id": "14", "object_repr": "commune", "action_flag": 2, "change_message": "[{\"changed\": {\"fields\": [\"Image\"]}}]"}}, {"model": "admin.logentry", "pk": 161, "fields": {"action_time": "2020-09-14T14:06:08.680", "user": 10, "content_type": 15, "object_id": "58", "object_repr": "commune", "action_flag": 2, "change_message": "[{\"changed\": {\"fields\": [\"Image\"]}}]"}}, {"model": "admin.logentry", "pk": 162, "fields": {"action_time": "2020-09-14T14:07:01.323", "user": 10, "content_type": 15, "object_id": "62", "object_repr": "commune", "action_flag": 2, "change_message": "[{\"changed\": {\"fields\": [\"Image\"]}}]"}}, {"model": "admin.logentry", "pk": 163, "fields": {"action_time": "2020-09-15T08:13:37.198", "user": 10, "content_type": 15, "object_id": "1", "object_repr": "laitue", "action_flag": 2, "change_message": "[{\"changed\": {\"fields\": [\"Stock\"]}}]"}}, {"model": "admin.logentry", "pk": 164, "fields": {"action_time": "2020-09-15T08:21:55.590", "user": 10, "content_type": 15, "object_id": "1", "object_repr": "laitue", "action_flag": 2, "change_message": "[{\"changed\": {\"fields\": [\"Stock\"]}}]"}}, {"model": "admin.logentry", "pk": 165, "fields": {"action_time": "2020-09-15T08:23:04.058", "user": 10, "content_type": 15, "object_id": "1", "object_repr": "laitue", "action_flag": 2, "change_message": "[{\"changed\": {\"fields\": [\"Stock\"]}}]"}}, {"model": "admin.logentry", "pk": 166, "fields": {"action_time": "2020-09-15T08:24:46.623", "user": 10, "content_type": 15, "object_id": "1", "object_repr": "laitue", "action_flag": 2, "change_message": "[{\"changed\": {\"fields\": [\"Stock\"]}}]"}}, {"model": "admin.logentry", "pk": 167, "fields": {"action_time": "2020-09-15T08:25:04.255", "user": 10, "content_type": 15, "object_id": "1", "object_repr": "laitue", "action_flag": 2, "change_message": "[{\"changed\": {\"fields\": [\"Stock\"]}}]"}}, {"model": "admin.logentry", "pk": 168, "fields": {"action_time": "2020-09-15T08:26:34.637", "user": 10, "content_type": 15, "object_id": "1", "object_repr": "laitue", "action_flag": 2, "change_message": "[{\"changed\": {\"fields\": [\"Stock\"]}}]"}}, {"model": "admin.logentry", "pk": 169, "fields": {"action_time": "2020-09-15T08:30:22.860", "user": 10, "content_type": 15, "object_id": "2", "object_repr": "mâche", "action_flag": 2, "change_message": "[{\"changed\": {\"fields\": [\"Stock\"]}}]"}}, {"model": "admin.logentry", "pk": 170, "fields": {"action_time": "2020-09-15T08:32:03.930", "user": 10, "content_type": 15, "object_id": "1", "object_repr": "laitue", "action_flag": 2, "change_message": "[{\"changed\": {\"fields\": [\"Stock\"]}}]"}}, {"model": "admin.logentry", "pk": 171, "fields": {"action_time": "2020-09-15T08:35:32.421", "user": 10, "content_type": 15, "object_id": "1", "object_repr": "laitue", "action_flag": 2, "change_message": "[{\"changed\": {\"fields\": [\"Stock\"]}}]"}}, {"model": "admin.logentry", "pk": 172, "fields": {"action_time": "2020-09-15T08:39:17.606", "user": 10, "content_type": 15, "object_id": "1", "object_repr": "laitue", "action_flag": 2, "change_message": "[{\"changed\": {\"fields\": [\"Stock\"]}}]"}}, {"model": "admin.logentry", "pk": 173, "fields": {"action_time": "2020-09-15T08:59:24.893", "user": 10, "content_type": 15, "object_id": "2", "object_repr": "mâche", "action_flag": 2, "change_message": "[{\"changed\": {\"fields\": [\"Stock\"]}}]"}}, {"model": "admin.logentry", "pk": 174, "fields": {"action_time": "2020-09-15T08:59:30.057", "user": 10, "content_type": 15, "object_id": "1", "object_repr": "laitue", "action_flag": 2, "change_message": "[{\"changed\": {\"fields\": [\"Stock\"]}}]"}}, {"model": "admin.logentry", "pk": 175, "fields": {"action_time": "2020-09-15T12:20:11.243", "user": 10, "content_type": 15, "object_id": "1", "object_repr": "laitue", "action_flag": 2, "change_message": "[{\"changed\": {\"fields\": [\"Stock\"]}}]"}}, {"model": "admin.logentry", "pk": 176, "fields": {"action_time": "2020-09-15T12:29:29.129", "user": 10, "content_type": 15, "object_id": "1", "object_repr": "laitue", "action_flag": 2, "change_message": "[{\"changed\": {\"fields\": [\"Stock\"]}}]"}}, {"model": "admin.logentry", "pk": 177, "fields": {"action_time": "2020-09-15T12:29:51.012", "user": 10, "content_type": 15, "object_id": "1", "object_repr": "laitue", "action_flag": 2, "change_message": "[{\"changed\": {\"fields\": [\"Stock\"]}}]"}}, {"model": "admin.logentry", "pk": 178, "fields": {"action_time": "2020-09-15T12:30:13.737", "user": 10, "content_type": 15, "object_id": "1", "object_repr": "laitue", "action_flag": 2, "change_message": "[{\"changed\": {\"fields\": [\"Stock\"]}}]"}}, {"model": "admin.logentry", "pk": 179, "fields": {"action_time": "2020-09-15T15:21:36.527", "user": 10, "content_type": 19, "object_id": "1", "object_repr": "1 - Boulangerie au bon pain - 40 avenue des peupliers None, 59118 Wambrechies - locker", "action_flag": 2, "change_message": "[{\"changed\": {\"fields\": [\"Disponibility\"]}}]"}}, {"model": "admin.logentry", "pk": 180, "fields": {"action_time": "2020-09-15T15:21:45.798", "user": 10, "content_type": 19, "object_id": "2", "object_repr": "2 - Boulangerie au bon pain - 40 avenue des peupliers None, 59118 Wambrechies - locker", "action_flag": 2, "change_message": "[{\"changed\": {\"fields\": [\"Disponibility\"]}}]"}}, {"model": "admin.logentry", "pk": 181, "fields": {"action_time": "2020-09-15T15:21:52.525", "user": 10, "content_type": 19, "object_id": "3", "object_repr": "3 - Boulangerie au bon pain - 40 avenue des peupliers None, 59118 Wambrechies - locker", "action_flag": 2, "change_message": "[{\"changed\": {\"fields\": [\"Disponibility\"]}}]"}}, {"model": "admin.logentry", "pk": 182, "fields": {"action_time": "2020-09-15T15:21:57.437", "user": 10, "content_type": 19, "object_id": "5", "object_repr": "5 - Boulangerie au bon pain - 40 avenue des peupliers None, 59118 Wambrechies - locker", "action_flag": 2, "change_message": "[{\"changed\": {\"fields\": [\"Disponibility\"]}}]"}}, {"model": "admin.logentry", "pk": 183, "fields": {"action_time": "2020-09-15T15:22:02.981", "user": 10, "content_type": 19, "object_id": "6", "object_repr": "6 - Boulangerie au bon pain - 40 avenue des peupliers None, 59118 Wambrechies - locker", "action_flag": 2, "change_message": "[{\"changed\": {\"fields\": [\"Disponibility\"]}}]"}}, {"model": "admin.logentry", "pk": 184, "fields": {"action_time": "2020-09-15T15:22:06.234", "user": 10, "content_type": 19, "object_id": "1", "object_repr": "1 - Boulangerie au bon pain - 40 avenue des peupliers None, 59118 Wambrechies - locker", "action_flag": 2, "change_message": "[]"}}, {"model": "admin.logentry", "pk": 185, "fields": {"action_time": "2020-09-15T15:23:18.653", "user": 10, "content_type": 19, "object_id": "1", "object_repr": "1 - Boulangerie au bon pain - 40 avenue des peupliers None, 59118 Wambrechies - locker", "action_flag": 2, "change_message": "[]"}}, {"model": "admin.logentry", "pk": 186, "fields": {"action_time": "2020-09-15T15:23:23.193", "user": 10, "content_type": 19, "object_id": "2", "object_repr": "2 - Boulangerie au bon pain - 40 avenue des peupliers None, 59118 Wambrechies - locker", "action_flag": 2, "change_message": "[]"}}, {"model": "admin.logentry", "pk": 187, "fields": {"action_time": "2020-09-15T15:23:27.102", "user": 10, "content_type": 19, "object_id": "3", "object_repr": "3 - Boulangerie au bon pain - 40 avenue des peupliers None, 59118 Wambrechies - locker", "action_flag": 2, "change_message": "[]"}}, {"model": "admin.logentry", "pk": 188, "fields": {"action_time": "2020-09-15T15:23:34.513", "user": 10, "content_type": 19, "object_id": "4", "object_repr": "4 - Boulangerie au bon pain - 40 avenue des peupliers None, 59118 Wambrechies - locker", "action_flag": 2, "change_message": "[{\"changed\": {\"fields\": [\"Disponibility\"]}}]"}}, {"model": "admin.logentry", "pk": 189, "fields": {"action_time": "2020-09-15T15:23:38.643", "user": 10, "content_type": 19, "object_id": "5", "object_repr": "5 - Boulangerie au bon pain - 40 avenue des peupliers None, 59118 Wambrechies - locker", "action_flag": 2, "change_message": "[]"}}, {"model": "admin.logentry", "pk": 190, "fields": {"action_time": "2020-09-15T15:23:42.409", "user": 10, "content_type": 19, "object_id": "6", "object_repr": "6 - Boulangerie au bon pain - 40 avenue des peupliers None, 59118 Wambrechies - locker", "action_flag": 2, "change_message": "[]"}}, {"model": "admin.logentry", "pk": 191, "fields": {"action_time": "2020-09-15T15:24:47.617", "user": 10, "content_type": 19, "object_id": "1", "object_repr": "1 - Boulangerie au bon pain - 40 avenue des peupliers None, 59118 Wambrechies - locker", "action_flag": 2, "change_message": "[{\"changed\": {\"fields\": [\"Disponibility\"]}}]"}}, {"model": "admin.logentry", "pk": 192, "fields": {"action_time": "2020-09-15T15:27:02.635", "user": 10, "content_type": 19, "object_id": "1", "object_repr": "1 - Boulangerie au bon pain - 40 avenue des peupliers None, 59118 Wambrechies - locker", "action_flag": 2, "change_message": "[{\"changed\": {\"fields\": [\"Disponibility\"]}}]"}}, {"model": "admin.logentry", "pk": 193, "fields": {"action_time": "2020-09-15T15:28:28.627", "user": 10, "content_type": 19, "object_id": "1", "object_repr": "1 - Boulangerie au bon pain - 40 avenue des peupliers None, 59118 Wambrechies - locker", "action_flag": 2, "change_message": "[{\"changed\": {\"fields\": [\"Disponibility\"]}}]"}}, {"model": "admin.logentry", "pk": 194, "fields": {"action_time": "2020-09-16T06:32:10.892", "user": 10, "content_type": 30, "object_id": "1", "object_repr": "15", "action_flag": 1, "change_message": "[{\"added\": {}}]"}}, {"model": "admin.logentry", "pk": 195, "fields": {"action_time": "2020-09-16T08:22:55.974", "user": 10, "content_type": 28, "object_id": "227", "object_repr": "Greg", "action_flag": 2, "change_message": "[{\"changed\": {\"fields\": [\"Block\"]}}]"}}, {"model": "admin.logentry", "pk": 196, "fields": {"action_time": "2020-09-16T08:25:22.358", "user": 10, "content_type": 24, "object_id": "1", "object_repr": "Order object (1)", "action_flag": 3, "change_message": ""}}, {"model": "admin.logentry", "pk": 197, "fields": {"action_time": "2020-09-16T08:26:34.084", "user": 10, "content_type": 15, "object_id": "1", "object_repr": "laitue", "action_flag": 2, "change_message": "[{\"changed\": {\"fields\": [\"Stock\"]}}]"}}, {"model": "admin.logentry", "pk": 198, "fields": {"action_time": "2020-09-16T08:43:29.270", "user": 10, "content_type": 24, "object_id": "2", "object_repr": "Greg - 743443", "action_flag": 3, "change_message": ""}}, {"model": "admin.logentry", "pk": 199, "fields": {"action_time": "2020-09-16T08:43:38.174", "user": 10, "content_type": 15, "object_id": "1", "object_repr": "laitue", "action_flag": 2, "change_message": "[{\"changed\": {\"fields\": [\"Stock\"]}}]"}}, {"model": "admin.logentry", "pk": 200, "fields": {"action_time": "2020-09-16T08:47:47.483", "user": 10, "content_type": 19, "object_id": "1", "object_repr": "1 - Boulangerie au bon pain - 40 avenue des peupliers None, 59118 Wambrechies - locker", "action_flag": 2, "change_message": "[{\"changed\": {\"fields\": [\"Disponibility\"]}}]"}}, {"model": "admin.logentry", "pk": 201, "fields": {"action_time": "2020-09-16T08:50:04.236", "user": 10, "content_type": 28, "object_id": "231", "object_repr": "Greg", "action_flag": 2, "change_message": "[{\"changed\": {\"fields\": [\"Block\"]}}]"}}, {"model": "admin.logentry", "pk": 202, "fields": {"action_time": "2020-09-16T08:50:48.242", "user": 10, "content_type": 19, "object_id": "1", "object_repr": "1 - Boulangerie au bon pain - 40 avenue des peupliers None, 59118 Wambrechies - locker", "action_flag": 2, "change_message": "[{\"changed\": {\"fields\": [\"Disponibility\"]}}]"}}, {"model": "admin.logentry", "pk": 203, "fields": {"action_time": "2020-09-16T08:53:00.537", "user": 10, "content_type": 24, "object_id": "3", "object_repr": "Greg - 963358", "action_flag": 3, "change_message": ""}}, {"model": "admin.logentry", "pk": 204, "fields": {"action_time": "2020-09-16T08:53:13.296", "user": 10, "content_type": 19, "object_id": "1", "object_repr": "1 - Boulangerie au bon pain - 40 avenue des peupliers None, 59118 Wambrechies - locker", "action_flag": 2, "change_message": "[{\"changed\": {\"fields\": [\"Disponibility\"]}}]"}}, {"model": "admin.logentry", "pk": 205, "fields": {"action_time": "2020-09-16T08:53:27.685", "user": 10, "content_type": 15, "object_id": "1", "object_repr": "laitue", "action_flag": 2, "change_message": "[{\"changed\": {\"fields\": [\"Stock\"]}}]"}}, {"model": "admin.logentry", "pk": 206, "fields": {"action_time": "2020-09-16T08:54:36.108", "user": 10, "content_type": 19, "object_id": "1", "object_repr": "1 - Boulangerie au bon pain - 40 avenue des peupliers None, 59118 Wambrechies - locker", "action_flag": 2, "change_message": "[{\"changed\": {\"fields\": [\"Disponibility\"]}}]"}}, {"model": "admin.logentry", "pk": 207, "fields": {"action_time": "2020-09-16T08:57:03.844", "user": 10, "content_type": 28, "object_id": "233", "object_repr": "Greg", "action_flag": 2, "change_message": "[{\"changed\": {\"fields\": [\"Block\"]}}]"}}, {"model": "admin.logentry", "pk": 208, "fields": {"action_time": "2020-09-16T08:57:48.301", "user": 10, "content_type": 19, "object_id": "1", "object_repr": "1 - Boulangerie au bon pain - 40 avenue des peupliers None, 59118 Wambrechies - locker", "action_flag": 2, "change_message": "[{\"changed\": {\"fields\": [\"Disponibility\"]}}]"}}, {"model": "admin.logentry", "pk": 209, "fields": {"action_time": "2020-09-16T08:58:16.720", "user": 10, "content_type": 19, "object_id": "1", "object_repr": "1 - Boulangerie au bon pain - 40 avenue des peupliers None, 59118 Wambrechies - locker", "action_flag": 2, "change_message": "[{\"changed\": {\"fields\": [\"Disponibility\"]}}]"}}, {"model": "admin.logentry", "pk": 210, "fields": {"action_time": "2020-09-16T09:11:48.270", "user": 10, "content_type": 15, "object_id": "1", "object_repr": "laitue", "action_flag": 2, "change_message": "[{\"changed\": {\"fields\": [\"Stock\"]}}]"}}, {"model": "admin.logentry", "pk": 211, "fields": {"action_time": "2020-09-16T09:12:20.740", "user": 10, "content_type": 15, "object_id": "1", "object_repr": "laitue", "action_flag": 2, "change_message": "[{\"changed\": {\"fields\": [\"Stock\"]}}]"}}, {"model": "admin.logentry", "pk": 212, "fields": {"action_time": "2020-09-17T07:56:52.334", "user": 10, "content_type": 15, "object_id": "1", "object_repr": "laitue", "action_flag": 2, "change_message": "[{\"changed\": {\"fields\": [\"Stock\"]}}]"}}, {"model": "admin.logentry", "pk": 213, "fields": {"action_time": "2020-09-17T08:08:24.481", "user": 10, "content_type": 31, "object_id": "1", "object_repr": "DeliverySlots object (1)", "action_flag": 1, "change_message": "[{\"added\": {}}]"}}, {"model": "admin.logentry", "pk": 214, "fields": {"action_time": "2020-09-17T08:26:31.887", "user": 10, "content_type": 19, "object_id": "1", "object_repr": "1 - Boulangerie au bon pain - 40 avenue des peupliers None, 59118 Wambrechies - locker", "action_flag": 2, "change_message": "[{\"changed\": {\"fields\": [\"Disponibility\"]}}]"}}, {"model": "admin.logentry", "pk": 215, "fields": {"action_time": "2020-09-17T08:38:24.398", "user": 10, "content_type": 24, "object_id": "4", "object_repr": "Greg - 4", "action_flag": 3, "change_message": ""}}, {"model": "admin.logentry", "pk": 216, "fields": {"action_time": "2020-09-17T08:39:08.225", "user": 10, "content_type": 15, "object_id": "1", "object_repr": "laitue", "action_flag": 2, "change_message": "[{\"changed\": {\"fields\": [\"Stock\"]}}]"}}, {"model": "admin.logentry", "pk": 217, "fields": {"action_time": "2020-09-17T08:39:43.158", "user": 10, "content_type": 15, "object_id": "7", "object_repr": "Bosque Blue", "action_flag": 2, "change_message": "[{\"changed\": {\"fields\": [\"Stock\"]}}]"}}, {"model": "admin.logentry", "pk": 218, "fields": {"action_time": "2020-09-17T08:40:27.974", "user": 10, "content_type": 19, "object_id": "1", "object_repr": "1 - Boulangerie au bon pain - 40 avenue des peupliers None, 59118 Wambrechies - locker", "action_flag": 2, "change_message": "[{\"changed\": {\"fields\": [\"Disponibility\"]}}]"}}, {"model": "admin.logentry", "pk": 219, "fields": {"action_time": "2020-09-17T08:45:41.179", "user": 10, "content_type": 19, "object_id": "1", "object_repr": "1 - Boulangerie au bon pain - 40 avenue des peupliers None, 59118 Wambrechies - locker", "action_flag": 2, "change_message": "[{\"changed\": {\"fields\": [\"Disponibility\"]}}]"}}, {"model": "admin.logentry", "pk": 220, "fields": {"action_time": "2020-09-17T08:46:04.142", "user": 10, "content_type": 19, "object_id": "1", "object_repr": "1 - Boulangerie au bon pain - 40 avenue des peupliers None, 59118 Wambrechies - locker", "action_flag": 2, "change_message": "[{\"changed\": {\"fields\": [\"Disponibility\"]}}]"}}, {"model": "admin.logentry", "pk": 221, "fields": {"action_time": "2020-09-17T08:47:49.883", "user": 10, "content_type": 19, "object_id": "1", "object_repr": "1 - Boulangerie au bon pain - 40 avenue des peupliers None, 59118 Wambrechies - locker", "action_flag": 2, "change_message": "[{\"changed\": {\"fields\": [\"Disponibility\"]}}]"}}, {"model": "admin.logentry", "pk": 222, "fields": {"action_time": "2020-09-17T08:48:16.405", "user": 10, "content_type": 19, "object_id": "1", "object_repr": "1 - Boulangerie au bon pain - 40 avenue des peupliers None, 59118 Wambrechies - locker", "action_flag": 2, "change_message": "[{\"changed\": {\"fields\": [\"Disponibility\"]}}]"}}, {"model": "admin.logentry", "pk": 223, "fields": {"action_time": "2020-09-17T08:52:19.235", "user": 10, "content_type": 19, "object_id": "1", "object_repr": "1 - Boulangerie au bon pain - 40 avenue des peupliers None, 59118 Wambrechies - locker", "action_flag": 2, "change_message": "[{\"changed\": {\"fields\": [\"Disponibility\"]}}]"}}, {"model": "admin.logentry", "pk": 224, "fields": {"action_time": "2020-09-17T08:52:45.888", "user": 10, "content_type": 19, "object_id": "1", "object_repr": "1 - Boulangerie au bon pain - 40 avenue des peupliers None, 59118 Wambrechies - locker", "action_flag": 2, "change_message": "[{\"changed\": {\"fields\": [\"Disponibility\"]}}]"}}, {"model": "admin.logentry", "pk": 225, "fields": {"action_time": "2020-09-17T08:55:50.808", "user": 10, "content_type": 19, "object_id": "1", "object_repr": "1 - Boulangerie au bon pain - 40 avenue des peupliers None, 59118 Wambrechies - locker", "action_flag": 2, "change_message": "[{\"changed\": {\"fields\": [\"Disponibility\"]}}]"}}, {"model": "admin.logentry", "pk": 226, "fields": {"action_time": "2020-09-17T08:56:30.016", "user": 10, "content_type": 19, "object_id": "1", "object_repr": "1 - Boulangerie au bon pain - 40 avenue des peupliers None, 59118 Wambrechies - locker", "action_flag": 2, "change_message": "[{\"changed\": {\"fields\": [\"Disponibility\"]}}]"}}, {"model": "admin.logentry", "pk": 227, "fields": {"action_time": "2020-09-17T08:58:54.604", "user": 10, "content_type": 19, "object_id": "1", "object_repr": "1 - Boulangerie au bon pain - 40 avenue des peupliers None, 59118 Wambrechies - locker", "action_flag": 2, "change_message": "[{\"changed\": {\"fields\": [\"Disponibility\"]}}]"}}, {"model": "admin.logentry", "pk": 228, "fields": {"action_time": "2020-09-17T08:59:12.113", "user": 10, "content_type": 19, "object_id": "1", "object_repr": "1 - Boulangerie au bon pain - 40 avenue des peupliers None, 59118 Wambrechies - locker", "action_flag": 2, "change_message": "[{\"changed\": {\"fields\": [\"Disponibility\"]}}]"}}, {"model": "admin.logentry", "pk": 229, "fields": {"action_time": "2020-09-17T09:01:18.403", "user": 10, "content_type": 19, "object_id": "1", "object_repr": "1 - Boulangerie au bon pain - 40 avenue des peupliers None, 59118 Wambrechies - locker", "action_flag": 2, "change_message": "[{\"changed\": {\"fields\": [\"Disponibility\"]}}]"}}, {"model": "admin.logentry", "pk": 230, "fields": {"action_time": "2020-09-17T09:01:35.824", "user": 10, "content_type": 19, "object_id": "1", "object_repr": "1 - Boulangerie au bon pain - 40 avenue des peupliers None, 59118 Wambrechies - locker", "action_flag": 2, "change_message": "[{\"changed\": {\"fields\": [\"Disponibility\"]}}]"}}, {"model": "admin.logentry", "pk": 231, "fields": {"action_time": "2020-09-17T09:04:30.150", "user": 10, "content_type": 19, "object_id": "6", "object_repr": "6 - Boulangerie au bon pain - 40 avenue des peupliers None, 59118 Wambrechies - locker", "action_flag": 2, "change_message": "[{\"changed\": {\"fields\": [\"Disponibility\"]}}]"}}, {"model": "admin.logentry", "pk": 232, "fields": {"action_time": "2020-09-17T09:05:00.383", "user": 10, "content_type": 19, "object_id": "6", "object_repr": "6 - Boulangerie au bon pain - 40 avenue des peupliers None, 59118 Wambrechies - locker", "action_flag": 2, "change_message": "[{\"changed\": {\"fields\": [\"Disponibility\"]}}]"}}, {"model": "admin.logentry", "pk": 233, "fields": {"action_time": "2020-09-17T09:06:06.092", "user": 10, "content_type": 19, "object_id": "6", "object_repr": "6 - Boulangerie au bon pain - 40 avenue des peupliers None, 59118 Wambrechies - locker", "action_flag": 2, "change_message": "[{\"changed\": {\"fields\": [\"Disponibility\"]}}]"}}, {"model": "admin.logentry", "pk": 234, "fields": {"action_time": "2020-09-17T09:06:33.280", "user": 10, "content_type": 19, "object_id": "6", "object_repr": "6 - Boulangerie au bon pain - 40 avenue des peupliers None, 59118 Wambrechies - locker", "action_flag": 2, "change_message": "[{\"changed\": {\"fields\": [\"Disponibility\"]}}]"}}, {"model": "admin.logentry", "pk": 235, "fields": {"action_time": "2020-09-17T09:15:30.848", "user": 10, "content_type": 19, "object_id": "6", "object_repr": "6 - Boulangerie au bon pain - 40 avenue des peupliers None, 59118 Wambrechies - locker", "action_flag": 2, "change_message": "[{\"changed\": {\"fields\": [\"Disponibility\"]}}]"}}, {"model": "admin.logentry", "pk": 236, "fields": {"action_time": "2020-09-17T09:18:13.250", "user": 10, "content_type": 19, "object_id": "6", "object_repr": "6 - Boulangerie au bon pain - 40 avenue des peupliers None, 59118 Wambrechies - locker", "action_flag": 2, "change_message": "[{\"changed\": {\"fields\": [\"Disponibility\"]}}]"}}, {"model": "admin.logentry", "pk": 237, "fields": {"action_time": "2020-09-17T09:20:35.365", "user": 10, "content_type": 19, "object_id": "6", "object_repr": "6 - Boulangerie au bon pain - 40 avenue des peupliers None, 59118 Wambrechies - locker", "action_flag": 2, "change_message": "[{\"changed\": {\"fields\": [\"Disponibility\"]}}]"}}, {"model": "admin.logentry", "pk": 238, "fields": {"action_time": "2020-09-17T09:22:00.664", "user": 10, "content_type": 19, "object_id": "6", "object_repr": "6 - Boulangerie au bon pain - 40 avenue des peupliers None, 59118 Wambrechies - locker", "action_flag": 2, "change_message": "[{\"changed\": {\"fields\": [\"Disponibility\"]}}]"}}, {"model": "admin.logentry", "pk": 239, "fields": {"action_time": "2020-09-17T09:23:04.721", "user": 10, "content_type": 19, "object_id": "6", "object_repr": "6 - Boulangerie au bon pain - 40 avenue des peupliers None, 59118 Wambrechies - locker", "action_flag": 2, "change_message": "[{\"changed\": {\"fields\": [\"Disponibility\"]}}]"}}, {"model": "admin.logentry", "pk": 240, "fields": {"action_time": "2020-09-17T09:24:32.755", "user": 10, "content_type": 19, "object_id": "6", "object_repr": "6 - Boulangerie au bon pain - 40 avenue des peupliers None, 59118 Wambrechies - locker", "action_flag": 2, "change_message": "[{\"changed\": {\"fields\": [\"Disponibility\"]}}]"}}, {"model": "admin.logentry", "pk": 241, "fields": {"action_time": "2020-09-17T09:25:46.485", "user": 10, "content_type": 19, "object_id": "6", "object_repr": "6 - Boulangerie au bon pain - 40 avenue des peupliers None, 59118 Wambrechies - locker", "action_flag": 2, "change_message": "[{\"changed\": {\"fields\": [\"Disponibility\"]}}]"}}, {"model": "admin.logentry", "pk": 242, "fields": {"action_time": "2020-09-17T09:26:22.591", "user": 10, "content_type": 19, "object_id": "6", "object_repr": "6 - Boulangerie au bon pain - 40 avenue des peupliers None, 59118 Wambrechies - locker", "action_flag": 2, "change_message": "[{\"changed\": {\"fields\": [\"Disponibility\"]}}]"}}, {"model": "admin.logentry", "pk": 243, "fields": {"action_time": "2020-09-17T09:27:53.059", "user": 10, "content_type": 19, "object_id": "6", "object_repr": "6 - Boulangerie au bon pain - 40 avenue des peupliers None, 59118 Wambrechies - locker", "action_flag": 2, "change_message": "[{\"changed\": {\"fields\": [\"Disponibility\"]}}]"}}, {"model": "admin.logentry", "pk": 244, "fields": {"action_time": "2020-09-17T09:28:10.540", "user": 10, "content_type": 19, "object_id": "6", "object_repr": "6 - Boulangerie au bon pain - 40 avenue des peupliers None, 59118 Wambrechies - locker", "action_flag": 2, "change_message": "[{\"changed\": {\"fields\": [\"Disponibility\"]}}]"}}, {"model": "admin.logentry", "pk": 245, "fields": {"action_time": "2020-09-17T09:29:15.968", "user": 10, "content_type": 19, "object_id": "6", "object_repr": "6 - Boulangerie au bon pain - 40 avenue des peupliers None, 59118 Wambrechies - locker", "action_flag": 2, "change_message": "[{\"changed\": {\"fields\": [\"Disponibility\"]}}]"}}, {"model": "admin.logentry", "pk": 246, "fields": {"action_time": "2020-09-17T09:29:40.231", "user": 10, "content_type": 19, "object_id": "6", "object_repr": "6 - Boulangerie au bon pain - 40 avenue des peupliers None, 59118 Wambrechies - locker", "action_flag": 2, "change_message": "[{\"changed\": {\"fields\": [\"Disponibility\"]}}]"}}, {"model": "admin.logentry", "pk": 247, "fields": {"action_time": "2020-09-17T09:32:02.199", "user": 10, "content_type": 19, "object_id": "6", "object_repr": "6 - Boulangerie au bon pain - 40 avenue des peupliers None, 59118 Wambrechies - locker", "action_flag": 2, "change_message": "[{\"changed\": {\"fields\": [\"Disponibility\"]}}]"}}, {"model": "admin.logentry", "pk": 248, "fields": {"action_time": "2020-09-17T09:32:21.218", "user": 10, "content_type": 19, "object_id": "6", "object_repr": "6 - Boulangerie au bon pain - 40 avenue des peupliers None, 59118 Wambrechies - locker", "action_flag": 2, "change_message": "[{\"changed\": {\"fields\": [\"Disponibility\"]}}]"}}, {"model": "admin.logentry", "pk": 249, "fields": {"action_time": "2020-09-17T09:33:05.544", "user": 10, "content_type": 19, "object_id": "6", "object_repr": "6 - Boulangerie au bon pain - 40 avenue des peupliers None, 59118 Wambrechies - locker", "action_flag": 2, "change_message": "[{\"changed\": {\"fields\": [\"Disponibility\"]}}]"}}, {"model": "admin.logentry", "pk": 250, "fields": {"action_time": "2020-09-17T09:33:20.021", "user": 10, "content_type": 19, "object_id": "6", "object_repr": "6 - Boulangerie au bon pain - 40 avenue des peupliers None, 59118 Wambrechies - locker", "action_flag": 2, "change_message": "[{\"changed\": {\"fields\": [\"Disponibility\"]}}]"}}, {"model": "admin.logentry", "pk": 251, "fields": {"action_time": "2020-09-17T09:37:22.862", "user": 10, "content_type": 24, "object_id": "5", "object_repr": "Greg - 5", "action_flag": 3, "change_message": ""}}, {"model": "admin.logentry", "pk": 252, "fields": {"action_time": "2020-09-17T09:37:47.603", "user": 10, "content_type": 15, "object_id": "7", "object_repr": "Bosque Blue", "action_flag": 2, "change_message": "[{\"changed\": {\"fields\": [\"Stock\"]}}]"}}, {"model": "admin.logentry", "pk": 253, "fields": {"action_time": "2020-09-17T09:38:12.528", "user": 10, "content_type": 19, "object_id": "6", "object_repr": "6 - Boulangerie au bon pain - 40 avenue des peupliers None, 59118 Wambrechies - locker", "action_flag": 2, "change_message": "[{\"changed\": {\"fields\": [\"Disponibility\"]}}]"}}, {"model": "admin.logentry", "pk": 254, "fields": {"action_time": "2020-09-17T09:39:08.200", "user": 10, "content_type": 19, "object_id": "6", "object_repr": "6 - Boulangerie au bon pain - 40 avenue des peupliers None, 59118 Wambrechies - locker", "action_flag": 2, "change_message": "[{\"changed\": {\"fields\": [\"Disponibility\"]}}]"}}, {"model": "admin.logentry", "pk": 255, "fields": {"action_time": "2020-09-17T09:39:42.914", "user": 10, "content_type": 19, "object_id": "6", "object_repr": "6 - Boulangerie au bon pain - 40 avenue des peupliers None, 59118 Wambrechies - locker", "action_flag": 2, "change_message": "[{\"changed\": {\"fields\": [\"Disponibility\"]}}]"}}, {"model": "admin.logentry", "pk": 256, "fields": {"action_time": "2020-09-17T09:39:51.373", "user": 10, "content_type": 24, "object_id": "6", "object_repr": "Greg - 6", "action_flag": 3, "change_message": ""}}, {"model": "admin.logentry", "pk": 257, "fields": {"action_time": "2020-09-17T09:40:00.331", "user": 10, "content_type": 15, "object_id": "7", "object_repr": "Bosque Blue", "action_flag": 2, "change_message": "[{\"changed\": {\"fields\": [\"Stock\"]}}]"}}, {"model": "admin.logentry", "pk": 258, "fields": {"action_time": "2020-09-17T09:47:08.143", "user": 10, "content_type": 15, "object_id": "7", "object_repr": "Bosque Blue", "action_flag": 2, "change_message": "[{\"changed\": {\"fields\": [\"Stock\"]}}]"}}, {"model": "admin.logentry", "pk": 259, "fields": {"action_time": "2020-09-17T09:49:32.893", "user": 10, "content_type": 24, "object_id": "8", "object_repr": "Greg - 8", "action_flag": 3, "change_message": ""}}, {"model": "admin.logentry", "pk": 260, "fields": {"action_time": "2020-09-17T09:49:37.121", "user": 10, "content_type": 24, "object_id": "7", "object_repr": "Greg - 7", "action_flag": 3, "change_message": ""}}, {"model": "admin.logentry", "pk": 261, "fields": {"action_time": "2020-09-17T09:53:29.412", "user": 10, "content_type": 24, "object_id": "10", "object_repr": "Greg - 10", "action_flag": 3, "change_message": ""}}, {"model": "admin.logentry", "pk": 262, "fields": {"action_time": "2020-09-17T09:53:29.416", "user": 10, "content_type": 24, "object_id": "9", "object_repr": "Greg - 9", "action_flag": 3, "change_message": ""}}, {"model": "admin.logentry", "pk": 263, "fields": {"action_time": "2020-09-17T10:26:04.039", "user": 10, "content_type": 24, "object_id": "11", "object_repr": "Greg - 11", "action_flag": 3, "change_message": ""}}, {"model": "admin.logentry", "pk": 264, "fields": {"action_time": "2020-09-17T10:34:24.747", "user": 10, "content_type": 15, "object_id": "7", "object_repr": "Bosque Blue", "action_flag": 2, "change_message": "[{\"changed\": {\"fields\": [\"Stock\"]}}]"}}, {"model": "admin.logentry", "pk": 265, "fields": {"action_time": "2020-09-17T11:26:40.968", "user": 10, "content_type": 24, "object_id": "13", "object_repr": "Greg - 13", "action_flag": 3, "change_message": ""}}, {"model": "admin.logentry", "pk": 266, "fields": {"action_time": "2020-09-17T11:26:40.972", "user": 10, "content_type": 24, "object_id": "12", "object_repr": "Greg - 12", "action_flag": 3, "change_message": ""}}, {"model": "admin.logentry", "pk": 267, "fields": {"action_time": "2020-09-17T12:05:11.404", "user": 10, "content_type": 28, "object_id": "250", "object_repr": "Greg", "action_flag": 3, "change_message": ""}}, {"model": "admin.logentry", "pk": 268, "fields": {"action_time": "2020-09-17T12:11:38.419", "user": 10, "content_type": 32, "object_id": "15", "object_repr": "Greg - 2020-09-17", "action_flag": 2, "change_message": "[{\"changed\": {\"fields\": [\"Date end\"]}}]"}}, {"model": "admin.logentry", "pk": 269, "fields": {"action_time": "2020-09-17T13:02:06.748", "user": 10, "content_type": 24, "object_id": "18", "object_repr": "Greg - 18", "action_flag": 3, "change_message": ""}}, {"model": "admin.logentry", "pk": 270, "fields": {"action_time": "2020-09-17T13:02:25.029", "user": 10, "content_type": 24, "object_id": "17", "object_repr": "Greg - 17", "action_flag": 3, "change_message": ""}}, {"model": "admin.logentry", "pk": 271, "fields": {"action_time": "2020-09-17T13:08:38.460", "user": 10, "content_type": 15, "object_id": "7", "object_repr": "Bosque Blue", "action_flag": 2, "change_message": "[{\"changed\": {\"fields\": [\"Stock\"]}}]"}}, {"model": "admin.logentry", "pk": 272, "fields": {"action_time": "2020-09-17T13:11:21.496", "user": 10, "content_type": 15, "object_id": "7", "object_repr": "Bosque Blue", "action_flag": 2, "change_message": "[]"}}, {"model": "admin.logentry", "pk": 273, "fields": {"action_time": "2020-09-17T16:07:12.290", "user": 10, "content_type": 32, "object_id": "16", "object_repr": "Greg - 2020-09-17", "action_flag": 2, "change_message": "[{\"changed\": {\"fields\": [\"Date end\"]}}]"}}, {"model": "admin.logentry", "pk": 274, "fields": {"action_time": "2020-09-17T17:43:09.908", "user": 10, "content_type": 15, "object_id": "2", "object_repr": "mâche", "action_flag": 2, "change_message": "[{\"changed\": {\"fields\": [\"Stock\"]}}]"}}, {"model": "admin.logentry", "pk": 275, "fields": {"action_time": "2020-09-17T17:58:32.833", "user": 10, "content_type": 15, "object_id": "2", "object_repr": "mâche", "action_flag": 2, "change_message": "[{\"changed\": {\"fields\": [\"Stock\"]}}]"}}, {"model": "admin.logentry", "pk": 276, "fields": {"action_time": "2020-09-17T17:58:59.983", "user": 10, "content_type": 15, "object_id": "2", "object_repr": "mâche", "action_flag": 2, "change_message": "[{\"changed\": {\"fields\": [\"Stock\"]}}]"}}, {"model": "admin.logentry", "pk": 277, "fields": {"action_time": "2020-09-18T06:51:37.590", "user": 10, "content_type": 15, "object_id": "7", "object_repr": "Bosque Blue", "action_flag": 2, "change_message": "[{\"changed\": {\"fields\": [\"Stock\"]}}]"}}, {"model": "admin.logentry", "pk": 278, "fields": {"action_time": "2020-09-18T07:19:05.724", "user": 10, "content_type": 15, "object_id": "7", "object_repr": "Bosque Blue", "action_flag": 2, "change_message": "[{\"changed\": {\"fields\": [\"Stock\"]}}]"}}, {"model": "admin.logentry", "pk": 279, "fields": {"action_time": "2020-09-18T07:21:27.192", "user": 10, "content_type": 15, "object_id": "7", "object_repr": "Bosque Blue", "action_flag": 2, "change_message": "[{\"changed\": {\"fields\": [\"Stock\"]}}]"}}, {"model": "admin.logentry", "pk": 280, "fields": {"action_time": "2020-09-18T07:23:10.668", "user": 10, "content_type": 15, "object_id": "7", "object_repr": "Bosque Blue", "action_flag": 2, "change_message": "[{\"changed\": {\"fields\": [\"Stock\"]}}]"}}, {"model": "admin.logentry", "pk": 281, "fields": {"action_time": "2020-09-18T07:24:58.737", "user": 10, "content_type": 15, "object_id": "7", "object_repr": "Bosque Blue", "action_flag": 2, "change_message": "[{\"changed\": {\"fields\": [\"Stock\"]}}]"}}, {"model": "admin.logentry", "pk": 282, "fields": {"action_time": "2020-09-18T07:25:15.847", "user": 10, "content_type": 15, "object_id": "7", "object_repr": "Bosque Blue", "action_flag": 2, "change_message": "[{\"changed\": {\"fields\": [\"Stock\"]}}]"}}, {"model": "admin.logentry", "pk": 283, "fields": {"action_time": "2020-09-18T07:48:34.059", "user": 10, "content_type": 15, "object_id": "7", "object_repr": "Bosque Blue", "action_flag": 2, "change_message": "[{\"changed\": {\"fields\": [\"Stock\"]}}]"}}, {"model": "admin.logentry", "pk": 284, "fields": {"action_time": "2020-09-18T07:53:05.233", "user": 10, "content_type": 15, "object_id": "7", "object_repr": "Bosque Blue", "action_flag": 2, "change_message": "[{\"changed\": {\"fields\": [\"Stock\"]}}]"}}, {"model": "admin.logentry", "pk": 285, "fields": {"action_time": "2020-09-18T07:57:50.168", "user": 10, "content_type": 15, "object_id": "7", "object_repr": "Bosque Blue", "action_flag": 2, "change_message": "[{\"changed\": {\"fields\": [\"Stock\"]}}]"}}, {"model": "admin.logentry", "pk": 286, "fields": {"action_time": "2020-09-18T07:58:01.492", "user": 10, "content_type": 15, "object_id": "7", "object_repr": "Bosque Blue", "action_flag": 2, "change_message": "[{\"changed\": {\"fields\": [\"Stock\"]}}]"}}, {"model": "admin.logentry", "pk": 287, "fields": {"action_time": "2020-09-18T15:36:31.548", "user": 10, "content_type": 28, "object_id": "291", "object_repr": "Greg", "action_flag": 2, "change_message": "[{\"changed\": {\"fields\": [\"Block\"]}}]"}}, {"model": "admin.logentry", "pk": 288, "fields": {"action_time": "2020-09-18T15:37:18.608", "user": 10, "content_type": 28, "object_id": "291", "object_repr": "Greg", "action_flag": 2, "change_message": "[{\"changed\": {\"fields\": [\"Block\"]}}]"}}, {"model": "admin.logentry", "pk": 289, "fields": {"action_time": "2020-09-22T11:07:39.688", "user": 10, "content_type": 15, "object_id": "66", "object_repr": "comice", "action_flag": 2, "change_message": "[{\"changed\": {\"fields\": [\"Stock\"]}}]"}}, {"model": "admin.logentry", "pk": 290, "fields": {"action_time": "2020-09-22T11:11:34.390", "user": 10, "content_type": 15, "object_id": "66", "object_repr": "comice", "action_flag": 2, "change_message": "[{\"changed\": {\"fields\": [\"Stock\"]}}]"}}, {"model": "admin.logentry", "pk": 291, "fields": {"action_time": "2020-09-22T11:11:52.297", "user": 10, "content_type": 15, "object_id": "66", "object_repr": "comice", "action_flag": 2, "change_message": "[{\"changed\": {\"fields\": [\"Stock\"]}}]"}}, {"model": "admin.logentry", "pk": 292, "fields": {"action_time": "2020-09-22T11:18:23.714", "user": 10, "content_type": 15, "object_id": "66", "object_repr": "comice", "action_flag": 2, "change_message": "[{\"changed\": {\"fields\": [\"Stock\"]}}]"}}, {"model": "admin.logentry", "pk": 293, "fields": {"action_time": "2020-09-22T11:39:43.142", "user": 10, "content_type": 15, "object_id": "3", "object_repr": "batavia", "action_flag": 2, "change_message": "[{\"changed\": {\"fields\": [\"Stock\"]}}]"}}, {"model": "admin.logentry", "pk": 294, "fields": {"action_time": "2020-09-22T11:40:16.208", "user": 10, "content_type": 15, "object_id": "3", "object_repr": "batavia", "action_flag": 2, "change_message": "[{\"changed\": {\"fields\": [\"Stock\"]}}]"}}, {"model": "admin.logentry", "pk": 295, "fields": {"action_time": "2020-09-22T11:40:27.881", "user": 10, "content_type": 15, "object_id": "3", "object_repr": "batavia", "action_flag": 2, "change_message": "[{\"changed\": {\"fields\": [\"Stock\"]}}]"}}, {"model": "admin.logentry", "pk": 296, "fields": {"action_time": "2020-09-22T11:44:44.781", "user": 10, "content_type": 15, "object_id": "3", "object_repr": "batavia", "action_flag": 2, "change_message": "[{\"changed\": {\"fields\": [\"Stock\"]}}]"}}, {"model": "admin.logentry", "pk": 297, "fields": {"action_time": "2020-09-22T11:44:59.705", "user": 10, "content_type": 15, "object_id": "3", "object_repr": "batavia", "action_flag": 2, "change_message": "[{\"changed\": {\"fields\": [\"Stock\"]}}]"}}, {"model": "admin.logentry", "pk": 298, "fields": {"action_time": "2020-09-22T11:45:58.503", "user": 10, "content_type": 15, "object_id": "3", "object_repr": "batavia", "action_flag": 2, "change_message": "[{\"changed\": {\"fields\": [\"Stock\"]}}]"}}, {"model": "admin.logentry", "pk": 299, "fields": {"action_time": "2020-09-22T11:46:18.218", "user": 10, "content_type": 15, "object_id": "3", "object_repr": "batavia", "action_flag": 2, "change_message": "[{\"changed\": {\"fields\": [\"Stock\"]}}]"}}, {"model": "admin.logentry", "pk": 300, "fields": {"action_time": "2020-09-22T11:47:03.151", "user": 10, "content_type": 15, "object_id": "3", "object_repr": "batavia", "action_flag": 2, "change_message": "[{\"changed\": {\"fields\": [\"Stock\"]}}]"}}, {"model": "admin.logentry", "pk": 301, "fields": {"action_time": "2020-09-22T11:47:14.349", "user": 10, "content_type": 15, "object_id": "3", "object_repr": "batavia", "action_flag": 2, "change_message": "[{\"changed\": {\"fields\": [\"Stock\"]}}]"}}, {"model": "admin.logentry", "pk": 302, "fields": {"action_time": "2020-09-22T11:47:58.250", "user": 10, "content_type": 15, "object_id": "3", "object_repr": "batavia", "action_flag": 2, "change_message": "[{\"changed\": {\"fields\": [\"Stock\"]}}]"}}, {"model": "admin.logentry", "pk": 303, "fields": {"action_time": "2020-09-22T11:48:09.557", "user": 10, "content_type": 15, "object_id": "3", "object_repr": "batavia", "action_flag": 2, "change_message": "[{\"changed\": {\"fields\": [\"Stock\"]}}]"}}, {"model": "admin.logentry", "pk": 304, "fields": {"action_time": "2020-09-22T11:48:27.349", "user": 10, "content_type": 15, "object_id": "3", "object_repr": "batavia", "action_flag": 2, "change_message": "[{\"changed\": {\"fields\": [\"Stock\"]}}]"}}, {"model": "admin.logentry", "pk": 305, "fields": {"action_time": "2020-09-22T11:48:38.517", "user": 10, "content_type": 15, "object_id": "3", "object_repr": "batavia", "action_flag": 2, "change_message": "[{\"changed\": {\"fields\": [\"Stock\"]}}]"}}, {"model": "admin.logentry", "pk": 306, "fields": {"action_time": "2020-09-22T11:49:24.453", "user": 10, "content_type": 15, "object_id": "3", "object_repr": "batavia", "action_flag": 2, "change_message": "[{\"changed\": {\"fields\": [\"Stock\"]}}]"}}, {"model": "admin.logentry", "pk": 307, "fields": {"action_time": "2020-09-22T11:50:02.309", "user": 10, "content_type": 15, "object_id": "3", "object_repr": "batavia", "action_flag": 2, "change_message": "[{\"changed\": {\"fields\": [\"Stock\"]}}]"}}, {"model": "admin.logentry", "pk": 308, "fields": {"action_time": "2020-09-22T11:50:48.213", "user": 10, "content_type": 15, "object_id": "3", "object_repr": "batavia", "action_flag": 2, "change_message": "[{\"changed\": {\"fields\": [\"Stock\"]}}]"}}, {"model": "admin.logentry", "pk": 309, "fields": {"action_time": "2020-09-22T11:51:06.297", "user": 10, "content_type": 15, "object_id": "3", "object_repr": "batavia", "action_flag": 2, "change_message": "[{\"changed\": {\"fields\": [\"Stock\"]}}]"}}, {"model": "admin.logentry", "pk": 310, "fields": {"action_time": "2020-09-22T12:03:37.416", "user": 10, "content_type": 15, "object_id": "3", "object_repr": "batavia", "action_flag": 2, "change_message": "[{\"changed\": {\"fields\": [\"Stock\"]}}]"}}, {"model": "admin.logentry", "pk": 311, "fields": {"action_time": "2020-09-22T12:04:39.652", "user": 10, "content_type": 15, "object_id": "3", "object_repr": "batavia", "action_flag": 2, "change_message": "[{\"changed\": {\"fields\": [\"Stock\"]}}]"}}, {"model": "admin.logentry", "pk": 312, "fields": {"action_time": "2020-09-22T12:05:37.829", "user": 10, "content_type": 15, "object_id": "3", "object_repr": "batavia", "action_flag": 2, "change_message": "[{\"changed\": {\"fields\": [\"Stock\"]}}]"}}, {"model": "admin.logentry", "pk": 313, "fields": {"action_time": "2020-09-22T12:05:49.809", "user": 10, "content_type": 15, "object_id": "3", "object_repr": "batavia", "action_flag": 2, "change_message": "[{\"changed\": {\"fields\": [\"Stock\"]}}]"}}, {"model": "admin.logentry", "pk": 314, "fields": {"action_time": "2020-09-22T12:06:28.262", "user": 10, "content_type": 15, "object_id": "3", "object_repr": "batavia", "action_flag": 2, "change_message": "[{\"changed\": {\"fields\": [\"Stock\"]}}]"}}, {"model": "admin.logentry", "pk": 315, "fields": {"action_time": "2020-09-22T12:06:51.573", "user": 10, "content_type": 15, "object_id": "3", "object_repr": "batavia", "action_flag": 2, "change_message": "[{\"changed\": {\"fields\": [\"Stock\"]}}]"}}, {"model": "admin.logentry", "pk": 316, "fields": {"action_time": "2020-09-22T12:07:19.875", "user": 10, "content_type": 15, "object_id": "3", "object_repr": "batavia", "action_flag": 2, "change_message": "[{\"changed\": {\"fields\": [\"Stock\"]}}]"}}, {"model": "admin.logentry", "pk": 317, "fields": {"action_time": "2020-09-22T12:07:41.698", "user": 10, "content_type": 15, "object_id": "3", "object_repr": "batavia", "action_flag": 2, "change_message": "[{\"changed\": {\"fields\": [\"Stock\"]}}]"}}, {"model": "admin.logentry", "pk": 318, "fields": {"action_time": "2020-09-22T12:08:10.587", "user": 10, "content_type": 15, "object_id": "3", "object_repr": "batavia", "action_flag": 2, "change_message": "[{\"changed\": {\"fields\": [\"Stock\"]}}]"}}, {"model": "admin.logentry", "pk": 319, "fields": {"action_time": "2020-09-22T12:08:21.563", "user": 10, "content_type": 15, "object_id": "3", "object_repr": "batavia", "action_flag": 2, "change_message": "[{\"changed\": {\"fields\": [\"Stock\"]}}]"}}, {"model": "admin.logentry", "pk": 320, "fields": {"action_time": "2020-09-22T12:08:35.758", "user": 10, "content_type": 15, "object_id": "3", "object_repr": "batavia", "action_flag": 2, "change_message": "[{\"changed\": {\"fields\": [\"Stock\"]}}]"}}, {"model": "admin.logentry", "pk": 321, "fields": {"action_time": "2020-09-22T12:08:44.941", "user": 10, "content_type": 15, "object_id": "3", "object_repr": "batavia", "action_flag": 2, "change_message": "[{\"changed\": {\"fields\": [\"Stock\"]}}]"}}, {"model": "admin.logentry", "pk": 322, "fields": {"action_time": "2020-09-22T12:09:14.438", "user": 10, "content_type": 15, "object_id": "3", "object_repr": "batavia", "action_flag": 2, "change_message": "[{\"changed\": {\"fields\": [\"Stock\"]}}]"}}, {"model": "admin.logentry", "pk": 323, "fields": {"action_time": "2020-09-22T12:09:28.629", "user": 10, "content_type": 15, "object_id": "3", "object_repr": "batavia", "action_flag": 2, "change_message": "[{\"changed\": {\"fields\": [\"Stock\"]}}]"}}, {"model": "admin.logentry", "pk": 324, "fields": {"action_time": "2020-09-22T12:09:55.948", "user": 10, "content_type": 15, "object_id": "3", "object_repr": "batavia", "action_flag": 2, "change_message": "[{\"changed\": {\"fields\": [\"Stock\"]}}]"}}, {"model": "admin.logentry", "pk": 325, "fields": {"action_time": "2020-09-22T12:10:12.215", "user": 10, "content_type": 15, "object_id": "3", "object_repr": "batavia", "action_flag": 2, "change_message": "[{\"changed\": {\"fields\": [\"Stock\"]}}]"}}, {"model": "admin.logentry", "pk": 326, "fields": {"action_time": "2020-09-22T12:10:25.701", "user": 10, "content_type": 15, "object_id": "3", "object_repr": "batavia", "action_flag": 2, "change_message": "[{\"changed\": {\"fields\": [\"Stock\"]}}]"}}, {"model": "admin.logentry", "pk": 327, "fields": {"action_time": "2020-09-22T12:10:36.600", "user": 10, "content_type": 15, "object_id": "3", "object_repr": "batavia", "action_flag": 2, "change_message": "[{\"changed\": {\"fields\": [\"Stock\"]}}]"}}, {"model": "admin.logentry", "pk": 328, "fields": {"action_time": "2020-09-22T12:11:13.833", "user": 10, "content_type": 15, "object_id": "3", "object_repr": "batavia", "action_flag": 2, "change_message": "[{\"changed\": {\"fields\": [\"Stock\"]}}]"}}, {"model": "admin.logentry", "pk": 329, "fields": {"action_time": "2020-09-22T12:11:33.888", "user": 10, "content_type": 15, "object_id": "3", "object_repr": "batavia", "action_flag": 2, "change_message": "[{\"changed\": {\"fields\": [\"Stock\"]}}]"}}, {"model": "admin.logentry", "pk": 330, "fields": {"action_time": "2020-09-22T12:12:40.044", "user": 10, "content_type": 15, "object_id": "3", "object_repr": "batavia", "action_flag": 2, "change_message": "[{\"changed\": {\"fields\": [\"Stock\"]}}]"}}, {"model": "admin.logentry", "pk": 331, "fields": {"action_time": "2020-09-22T12:13:12.068", "user": 10, "content_type": 28, "object_id": "307", "object_repr": "Greg", "action_flag": 3, "change_message": ""}}, {"model": "admin.logentry", "pk": 332, "fields": {"action_time": "2020-09-22T12:15:47.015", "user": 10, "content_type": 15, "object_id": "3", "object_repr": "batavia", "action_flag": 2, "change_message": "[{\"changed\": {\"fields\": [\"Stock\"]}}]"}}, {"model": "admin.logentry", "pk": 333, "fields": {"action_time": "2020-09-23T08:35:29.613", "user": 10, "content_type": 22, "object_id": "10", "object_repr": "", "action_flag": 1, "change_message": "[{\"added\": {}}]"}}, {"model": "admin.logentry", "pk": 334, "fields": {"action_time": "2020-09-23T08:37:53.446", "user": 10, "content_type": 15, "object_id": "3", "object_repr": "batavia", "action_flag": 2, "change_message": "[{\"changed\": {\"fields\": [\"Available\"]}}]"}}, {"model": "admin.logentry", "pk": 335, "fields": {"action_time": "2020-09-23T08:38:19.619", "user": 10, "content_type": 15, "object_id": "3", "object_repr": "batavia", "action_flag": 2, "change_message": "[{\"changed\": {\"fields\": [\"Available\"]}}]"}}, {"model": "admin.logentry", "pk": 336, "fields": {"action_time": "2020-09-23T09:09:05.281", "user": 10, "content_type": 15, "object_id": "3", "object_repr": "batavia", "action_flag": 2, "change_message": "[{\"changed\": {\"fields\": [\"Available\"]}}]"}}, {"model": "admin.logentry", "pk": 337, "fields": {"action_time": "2020-09-23T09:11:39.504", "user": 10, "content_type": 15, "object_id": "3", "object_repr": "batavia", "action_flag": 2, "change_message": "[{\"changed\": {\"fields\": [\"Available\"]}}]"}}, {"model": "admin.logentry", "pk": 338, "fields": {"action_time": "2020-09-23T09:12:18.832", "user": 10, "content_type": 15, "object_id": "3", "object_repr": "batavia", "action_flag": 2, "change_message": "[{\"changed\": {\"fields\": [\"Available\"]}}]"}}, {"model": "admin.logentry", "pk": 339, "fields": {"action_time": "2020-09-23T09:13:24.942", "user": 10, "content_type": 15, "object_id": "3", "object_repr": "batavia", "action_flag": 2, "change_message": "[{\"changed\": {\"fields\": [\"Available\"]}}]"}}, {"model": "admin.logentry", "pk": 340, "fields": {"action_time": "2020-09-23T09:16:59.708", "user": 10, "content_type": 15, "object_id": "3", "object_repr": "batavia", "action_flag": 2, "change_message": "[{\"changed\": {\"fields\": [\"Available\"]}}]"}}, {"model": "admin.logentry", "pk": 341, "fields": {"action_time": "2020-09-23T09:17:12.867", "user": 10, "content_type": 15, "object_id": "3", "object_repr": "batavia", "action_flag": 2, "change_message": "[{\"changed\": {\"fields\": [\"Available\"]}}]"}}, {"model": "admin.logentry", "pk": 342, "fields": {"action_time": "2020-09-24T09:04:56.753", "user": 10, "content_type": 4, "object_id": "11", "object_repr": "newuser@mail.com", "action_flag": 3, "change_message": ""}}, {"model": "admin.logentry", "pk": 343, "fields": {"action_time": "2020-09-24T09:04:56.767", "user": 10, "content_type": 4, "object_id": "13", "object_repr": "test@mail.com", "action_flag": 3, "change_message": ""}}, {"model": "admin.logentry", "pk": 344, "fields": {"action_time": "2020-09-24T09:04:56.771", "user": 10, "content_type": 4, "object_id": "12", "object_repr": "user@mail.com", "action_flag": 3, "change_message": ""}}, {"model": "auth.permission", "pk": 1, "fields": {"name": "Can add log entry", "content_type": 1, "codename": "add_logentry"}}, {"model": "auth.permission", "pk": 2, "fields": {"name": "Can change log entry", "content_type": 1, "codename": "change_logentry"}}, {"model": "auth.permission", "pk": 3, "fields": {"name": "Can delete log entry", "content_type": 1, "codename": "delete_logentry"}}, {"model": "auth.permission", "pk": 4, "fields": {"name": "Can view log entry", "content_type": 1, "codename": "view_logentry"}}, {"model": "auth.permission", "pk": 5, "fields": {"name": "Can add permission", "content_type": 2, "codename": "add_permission"}}, {"model": "auth.permission", "pk": 6, "fields": {"name": "Can change permission", "content_type": 2, "codename": "change_permission"}}, {"model": "auth.permission", "pk": 7, "fields": {"name": "Can delete permission", "content_type": 2, "codename": "delete_permission"}}, {"model": "auth.permission", "pk": 8, "fields": {"name": "Can view permission", "content_type": 2, "codename": "view_permission"}}, {"model": "auth.permission", "pk": 9, "fields": {"name": "Can add group", "content_type": 3, "codename": "add_group"}}, {"model": "auth.permission", "pk": 10, "fields": {"name": "Can change group", "content_type": 3, "codename": "change_group"}}, {"model": "auth.permission", "pk": 11, "fields": {"name": "Can delete group", "content_type": 3, "codename": "delete_group"}}, {"model": "auth.permission", "pk": 12, "fields": {"name": "Can view group", "content_type": 3, "codename": "view_group"}}, {"model": "auth.permission", "pk": 13, "fields": {"name": "Can add user", "content_type": 4, "codename": "add_user"}}, {"model": "auth.permission", "pk": 14, "fields": {"name": "Can change user", "content_type": 4, "codename": "change_user"}}, {"model": "auth.permission", "pk": 15, "fields": {"name": "Can delete user", "content_type": 4, "codename": "delete_user"}}, {"model": "auth.permission", "pk": 16, "fields": {"name": "Can view user", "content_type": 4, "codename": "view_user"}}, {"model": "auth.permission", "pk": 17, "fields": {"name": "Can add content type", "content_type": 5, "codename": "add_contenttype"}}, {"model": "auth.permission", "pk": 18, "fields": {"name": "Can change content type", "content_type": 5, "codename": "change_contenttype"}}, {"model": "auth.permission", "pk": 19, "fields": {"name": "Can delete content type", "content_type": 5, "codename": "delete_contenttype"}}, {"model": "auth.permission", "pk": 20, "fields": {"name": "Can view content type", "content_type": 5, "codename": "view_contenttype"}}, {"model": "auth.permission", "pk": 21, "fields": {"name": "Can add session", "content_type": 6, "codename": "add_session"}}, {"model": "auth.permission", "pk": 22, "fields": {"name": "Can change session", "content_type": 6, "codename": "change_session"}}, {"model": "auth.permission", "pk": 23, "fields": {"name": "Can delete session", "content_type": 6, "codename": "delete_session"}}, {"model": "auth.permission", "pk": 24, "fields": {"name": "Can view session", "content_type": 6, "codename": "view_session"}}, {"model": "auth.permission", "pk": 25, "fields": {"name": "Can add adress", "content_type": 7, "codename": "add_adress"}}, {"model": "auth.permission", "pk": 26, "fields": {"name": "Can change adress", "content_type": 7, "codename": "change_adress"}}, {"model": "auth.permission", "pk": 27, "fields": {"name": "Can delete adress", "content_type": 7, "codename": "delete_adress"}}, {"model": "auth.permission", "pk": 28, "fields": {"name": "Can view adress", "content_type": 7, "codename": "view_adress"}}, {"model": "auth.permission", "pk": 29, "fields": {"name": "Can add command type", "content_type": 8, "codename": "add_commandtype"}}, {"model": "auth.permission", "pk": 30, "fields": {"name": "Can change command type", "content_type": 8, "codename": "change_commandtype"}}, {"model": "auth.permission", "pk": 31, "fields": {"name": "Can delete command type", "content_type": 8, "codename": "delete_commandtype"}}, {"model": "auth.permission", "pk": 32, "fields": {"name": "Can view command type", "content_type": 8, "codename": "view_commandtype"}}, {"model": "auth.permission", "pk": 33, "fields": {"name": "Can add command status", "content_type": 9, "codename": "add_commandstatus"}}, {"model": "auth.permission", "pk": 34, "fields": {"name": "Can change command status", "content_type": 9, "codename": "change_commandstatus"}}, {"model": "auth.permission", "pk": 35, "fields": {"name": "Can delete command status", "content_type": 9, "codename": "delete_commandstatus"}}, {"model": "auth.permission", "pk": 36, "fields": {"name": "Can view command status", "content_type": 9, "codename": "view_commandstatus"}}, {"model": "auth.permission", "pk": 37, "fields": {"name": "Can add client type", "content_type": 10, "codename": "add_clienttype"}}, {"model": "auth.permission", "pk": 38, "fields": {"name": "Can change client type", "content_type": 10, "codename": "change_clienttype"}}, {"model": "auth.permission", "pk": 39, "fields": {"name": "Can delete client type", "content_type": 10, "codename": "delete_clienttype"}}, {"model": "auth.permission", "pk": 40, "fields": {"name": "Can view client type", "content_type": 10, "codename": "view_clienttype"}}, {"model": "auth.permission", "pk": 41, "fields": {"name": "Can add category", "content_type": 11, "codename": "add_category"}}, {"model": "auth.permission", "pk": 42, "fields": {"name": "Can change category", "content_type": 11, "codename": "change_category"}}, {"model": "auth.permission", "pk": 43, "fields": {"name": "Can delete category", "content_type": 11, "codename": "delete_category"}}, {"model": "auth.permission", "pk": 44, "fields": {"name": "Can view category", "content_type": 11, "codename": "view_category"}}, {"model": "auth.permission", "pk": 45, "fields": {"name": "Can add unity", "content_type": 12, "codename": "add_unity"}}, {"model": "auth.permission", "pk": 46, "fields": {"name": "Can change unity", "content_type": 12, "codename": "change_unity"}}, {"model": "auth.permission", "pk": 47, "fields": {"name": "Can delete unity", "content_type": 12, "codename": "delete_unity"}}, {"model": "auth.permission", "pk": 48, "fields": {"name": "Can view unity", "content_type": 12, "codename": "view_unity"}}, {"model": "auth.permission", "pk": 49, "fields": {"name": "Can add admin code", "content_type": 13, "codename": "add_admincode"}}, {"model": "auth.permission", "pk": 50, "fields": {"name": "Can change admin code", "content_type": 13, "codename": "change_admincode"}}, {"model": "auth.permission", "pk": 51, "fields": {"name": "Can delete admin code", "content_type": 13, "codename": "delete_admincode"}}, {"model": "auth.permission", "pk": 52, "fields": {"name": "Can view admin code", "content_type": 13, "codename": "view_admincode"}}, {"model": "auth.permission", "pk": 53, "fields": {"name": "Can add product", "content_type": 14, "codename": "add_product"}}, {"model": "auth.permission", "pk": 54, "fields": {"name": "Can change product", "content_type": 14, "codename": "change_product"}}, {"model": "auth.permission", "pk": 55, "fields": {"name": "Can delete product", "content_type": 14, "codename": "delete_product"}}, {"model": "auth.permission", "pk": 56, "fields": {"name": "Can view product", "content_type": 14, "codename": "view_product"}}, {"model": "auth.permission", "pk": 57, "fields": {"name": "Can add variety", "content_type": 15, "codename": "add_variety"}}, {"model": "auth.permission", "pk": 58, "fields": {"name": "Can change variety", "content_type": 15, "codename": "change_variety"}}, {"model": "auth.permission", "pk": 59, "fields": {"name": "Can delete variety", "content_type": 15, "codename": "delete_variety"}}, {"model": "auth.permission", "pk": 60, "fields": {"name": "Can view variety", "content_type": 15, "codename": "view_variety"}}, {"model": "auth.permission", "pk": 61, "fields": {"name": "Can add day", "content_type": 16, "codename": "add_day"}}, {"model": "auth.permission", "pk": 62, "fields": {"name": "Can change day", "content_type": 16, "codename": "change_day"}}, {"model": "auth.permission", "pk": 63, "fields": {"name": "Can delete day", "content_type": 16, "codename": "delete_day"}}, {"model": "auth.permission", "pk": 64, "fields": {"name": "Can view day", "content_type": 16, "codename": "view_day"}}, {"model": "auth.permission", "pk": 65, "fields": {"name": "Can add time slot", "content_type": 17, "codename": "add_timeslot"}}, {"model": "auth.permission", "pk": 66, "fields": {"name": "Can change time slot", "content_type": 17, "codename": "change_timeslot"}}, {"model": "auth.permission", "pk": 67, "fields": {"name": "Can delete time slot", "content_type": 17, "codename": "delete_timeslot"}}, {"model": "auth.permission", "pk": 68, "fields": {"name": "Can view time slot", "content_type": 17, "codename": "view_timeslot"}}, {"model": "auth.permission", "pk": 69, "fields": {"name": "Can add collect location", "content_type": 18, "codename": "add_collectlocation"}}, {"model": "auth.permission", "pk": 70, "fields": {"name": "Can change collect location", "content_type": 18, "codename": "change_collectlocation"}}, {"model": "auth.permission", "pk": 71, "fields": {"name": "Can delete collect location", "content_type": 18, "codename": "delete_collectlocation"}}, {"model": "auth.permission", "pk": 72, "fields": {"name": "Can view collect location", "content_type": 18, "codename": "view_collectlocation"}}, {"model": "auth.permission", "pk": 73, "fields": {"name": "Can add locker", "content_type": 19, "codename": "add_locker"}}, {"model": "auth.permission", "pk": 74, "fields": {"name": "Can change locker", "content_type": 19, "codename": "change_locker"}}, {"model": "auth.permission", "pk": 75, "fields": {"name": "Can delete locker", "content_type": 19, "codename": "delete_locker"}}, {"model": "auth.permission", "pk": 76, "fields": {"name": "Can view locker", "content_type": 19, "codename": "view_locker"}}, {"model": "auth.permission", "pk": 77, "fields": {"name": "Can add delivery", "content_type": 20, "codename": "add_delivery"}}, {"model": "auth.permission", "pk": 78, "fields": {"name": "Can change delivery", "content_type": 20, "codename": "change_delivery"}}, {"model": "auth.permission", "pk": 79, "fields": {"name": "Can delete delivery", "content_type": 20, "codename": "delete_delivery"}}, {"model": "auth.permission", "pk": 80, "fields": {"name": "Can view delivery", "content_type": 20, "codename": "view_delivery"}}, {"model": "auth.permission", "pk": 81, "fields": {"name": "Can add direct withdrawal", "content_type": 21, "codename": "add_directwithdrawal"}}, {"model": "auth.permission", "pk": 82, "fields": {"name": "Can change direct withdrawal", "content_type": 21, "codename": "change_directwithdrawal"}}, {"model": "auth.permission", "pk": 83, "fields": {"name": "Can delete direct withdrawal", "content_type": 21, "codename": "delete_directwithdrawal"}}, {"model": "auth.permission", "pk": 84, "fields": {"name": "Can view direct withdrawal", "content_type": 21, "codename": "view_directwithdrawal"}}, {"model": "auth.permission", "pk": 85, "fields": {"name": "Can add client", "content_type": 22, "codename": "add_client"}}, {"model": "auth.permission", "pk": 86, "fields": {"name": "Can change client", "content_type": 22, "codename": "change_client"}}, {"model": "auth.permission", "pk": 87, "fields": {"name": "Can delete client", "content_type": 22, "codename": "delete_client"}}, {"model": "auth.permission", "pk": 88, "fields": {"name": "Can view client", "content_type": 22, "codename": "view_client"}}, {"model": "auth.permission", "pk": 89, "fields": {"name": "Can add cart", "content_type": 23, "codename": "add_cart"}}, {"model": "auth.permission", "pk": 90, "fields": {"name": "Can change cart", "content_type": 23, "codename": "change_cart"}}, {"model": "auth.permission", "pk": 91, "fields": {"name": "Can delete cart", "content_type": 23, "codename": "delete_cart"}}, {"model": "auth.permission", "pk": 92, "fields": {"name": "Can view cart", "content_type": 23, "codename": "view_cart"}}, {"model": "auth.permission", "pk": 93, "fields": {"name": "Can add order", "content_type": 24, "codename": "add_order"}}, {"model": "auth.permission", "pk": 94, "fields": {"name": "Can change order", "content_type": 24, "codename": "change_order"}}, {"model": "auth.permission", "pk": 95, "fields": {"name": "Can delete order", "content_type": 24, "codename": "delete_order"}}, {"model": "auth.permission", "pk": 96, "fields": {"name": "Can view order", "content_type": 24, "codename": "view_order"}}, {"model": "auth.permission", "pk": 97, "fields": {"name": "Can add order detail", "content_type": 25, "codename": "add_orderdetail"}}, {"model": "auth.permission", "pk": 98, "fields": {"name": "Can change order detail", "content_type": 25, "codename": "change_orderdetail"}}, {"model": "auth.permission", "pk": 99, "fields": {"name": "Can delete order detail", "content_type": 25, "codename": "delete_orderdetail"}}, {"model": "auth.permission", "pk": 100, "fields": {"name": "Can view order detail", "content_type": 25, "codename": "view_orderdetail"}}, {"model": "auth.permission", "pk": 101, "fields": {"name": "Can add historic", "content_type": 26, "codename": "add_historic"}}, {"model": "auth.permission", "pk": 102, "fields": {"name": "Can change historic", "content_type": 26, "codename": "change_historic"}}, {"model": "auth.permission", "pk": 103, "fields": {"name": "Can delete historic", "content_type": 26, "codename": "delete_historic"}}, {"model": "auth.permission", "pk": 104, "fields": {"name": "Can view historic", "content_type": 26, "codename": "view_historic"}}, {"model": "auth.permission", "pk": 105, "fields": {"name": "Can add cart session", "content_type": 27, "codename": "add_cartsession"}}, {"model": "auth.permission", "pk": 106, "fields": {"name": "Can change cart session", "content_type": 27, "codename": "change_cartsession"}}, {"model": "auth.permission", "pk": 107, "fields": {"name": "Can delete cart session", "content_type": 27, "codename": "delete_cartsession"}}, {"model": "auth.permission", "pk": 108, "fields": {"name": "Can view cart session", "content_type": 27, "codename": "view_cartsession"}}, {"model": "auth.permission", "pk": 109, "fields": {"name": "Can add client ready to command", "content_type": 28, "codename": "add_clientreadytocommand"}}, {"model": "auth.permission", "pk": 110, "fields": {"name": "Can change client ready to command", "content_type": 28, "codename": "change_clientreadytocommand"}}, {"model": "auth.permission", "pk": 111, "fields": {"name": "Can delete client ready to command", "content_type": 28, "codename": "delete_clientreadytocommand"}}, {"model": "auth.permission", "pk": 112, "fields": {"name": "Can view client ready to command", "content_type": 28, "codename": "view_clientreadytocommand"}}, {"model": "auth.permission", "pk": 113, "fields": {"name": "Can add message to client", "content_type": 29, "codename": "add_messagetoclient"}}, {"model": "auth.permission", "pk": 114, "fields": {"name": "Can change message to client", "content_type": 29, "codename": "change_messagetoclient"}}, {"model": "auth.permission", "pk": 115, "fields": {"name": "Can delete message to client", "content_type": 29, "codename": "delete_messagetoclient"}}, {"model": "auth.permission", "pk": 116, "fields": {"name": "Can view message to client", "content_type": 29, "codename": "view_messagetoclient"}}, {"model": "auth.permission", "pk": 117, "fields": {"name": "Can add minimum command", "content_type": 30, "codename": "add_minimumcommand"}}, {"model": "auth.permission", "pk": 118, "fields": {"name": "Can change minimum command", "content_type": 30, "codename": "change_minimumcommand"}}, {"model": "auth.permission", "pk": 119, "fields": {"name": "Can delete minimum command", "content_type": 30, "codename": "delete_minimumcommand"}}, {"model": "auth.permission", "pk": 120, "fields": {"name": "Can view minimum command", "content_type": 30, "codename": "view_minimumcommand"}}, {"model": "auth.permission", "pk": 121, "fields": {"name": "Can add delivery slots", "content_type": 31, "codename": "add_deliveryslots"}}, {"model": "auth.permission", "pk": 122, "fields": {"name": "Can change delivery slots", "content_type": 31, "codename": "change_deliveryslots"}}, {"model": "auth.permission", "pk": 123, "fields": {"name": "Can delete delivery slots", "content_type": 31, "codename": "delete_deliveryslots"}}, {"model": "auth.permission", "pk": 124, "fields": {"name": "Can view delivery slots", "content_type": 31, "codename": "view_deliveryslots"}}, {"model": "auth.permission", "pk": 125, "fields": {"name": "Can add order historic", "content_type": 32, "codename": "add_orderhistoric"}}, {"model": "auth.permission", "pk": 126, "fields": {"name": "Can change order historic", "content_type": 32, "codename": "change_orderhistoric"}}, {"model": "auth.permission", "pk": 127, "fields": {"name": "Can delete order historic", "content_type": 32, "codename": "delete_orderhistoric"}}, {"model": "auth.permission", "pk": 128, "fields": {"name": "Can view order historic", "content_type": 32, "codename": "view_orderhistoric"}}, {"model": "auth.user", "pk": 9, "fields": {"password": "pbkdf2_sha256$216000$vG4R3R3w1AjJ$Mtnt59Y/7sh6AJkgbStWO8yWObCKM7kYNrkoURI5j/s=", "last_login": "2020-09-23T14:52:37.259", "is_superuser": false, "username": "gdu@mail.com", "first_name": "Greg", "last_name": "", "email": "", "is_staff": false, "is_active": true, "date_joined": "2020-08-26T07:52:43.626", "groups": [], "user_permissions": []}}, {"model": "auth.user", "pk": 10, "fields": {"password": "pbkdf2_sha256$216000$txw6YSeblhiM$G5Co+JeYesfOU975SHQYgkBVc1frjqI1pNwtEpvVJls=", "last_login": "2020-09-10T13:45:53.821", "is_superuser": true, "username": "admin@farm", "first_name": "", "last_name": "", "email": "gdu.contact@gmail.com", "is_staff": true, "is_active": true, "date_joined": "2020-09-02T15:48:40.962", "groups": [], "user_permissions": []}}, {"model": "contenttypes.contenttype", "pk": 1, "fields": {"app_label": "admin", "model": "logentry"}}, {"model": "contenttypes.contenttype", "pk": 2, "fields": {"app_label": "auth", "model": "permission"}}, {"model": "contenttypes.contenttype", "pk": 3, "fields": {"app_label": "auth", "model": "group"}}, {"model": "contenttypes.contenttype", "pk": 4, "fields": {"app_label": "auth", "model": "user"}}, {"model": "contenttypes.contenttype", "pk": 5, "fields": {"app_label": "contenttypes", "model": "contenttype"}}, {"model": "contenttypes.contenttype", "pk": 6, "fields": {"app_label": "sessions", "model": "session"}}, {"model": "contenttypes.contenttype", "pk": 7, "fields": {"app_label": "store", "model": "adress"}}, {"model": "contenttypes.contenttype", "pk": 8, "fields": {"app_label": "store", "model": "commandtype"}}, {"model": "contenttypes.contenttype", "pk": 9, "fields": {"app_label": "store", "model": "commandstatus"}}, {"model": "contenttypes.contenttype", "pk": 10, "fields": {"app_label": "store", "model": "clienttype"}}, {"model": "contenttypes.contenttype", "pk": 11, "fields": {"app_label": "store", "model": "category"}}, {"model": "contenttypes.contenttype", "pk": 12, "fields": {"app_label": "store", "model": "unity"}}, {"model": "contenttypes.contenttype", "pk": 13, "fields": {"app_label": "store", "model": "admincode"}}, {"model": "contenttypes.contenttype", "pk": 14, "fields": {"app_label": "store", "model": "product"}}, {"model": "contenttypes.contenttype", "pk": 15, "fields": {"app_label": "store", "model": "variety"}}, {"model": "contenttypes.contenttype", "pk": 16, "fields": {"app_label": "store", "model": "day"}}, {"model": "contenttypes.contenttype", "pk": 17, "fields": {"app_label": "store", "model": "timeslot"}}, {"model": "contenttypes.contenttype", "pk": 18, "fields": {"app_label": "store", "model": "collectlocation"}}, {"model": "contenttypes.contenttype", "pk": 19, "fields": {"app_label": "store", "model": "locker"}}, {"model": "contenttypes.contenttype", "pk": 20, "fields": {"app_label": "store", "model": "delivery"}}, {"model": "contenttypes.contenttype", "pk": 21, "fields": {"app_label": "store", "model": "directwithdrawal"}}, {"model": "contenttypes.contenttype", "pk": 22, "fields": {"app_label": "store", "model": "client"}}, {"model": "contenttypes.contenttype", "pk": 23, "fields": {"app_label": "store", "model": "cart"}}, {"model": "contenttypes.contenttype", "pk": 24, "fields": {"app_label": "store", "model": "order"}}, {"model": "contenttypes.contenttype", "pk": 25, "fields": {"app_label": "store", "model": "orderdetail"}}, {"model": "contenttypes.contenttype", "pk": 26, "fields": {"app_label": "store", "model": "historic"}}, {"model": "contenttypes.contenttype", "pk": 27, "fields": {"app_label": "store", "model": "cartsession"}}, {"model": "contenttypes.contenttype", "pk": 28, "fields": {"app_label": "store", "model": "clientreadytocommand"}}, {"model": "contenttypes.contenttype", "pk": 29, "fields": {"app_label": "store", "model": "messagetoclient"}}, {"model": "contenttypes.contenttype", "pk": 30, "fields": {"app_label": "store", "model": "minimumcommand"}}, {"model": "contenttypes.contenttype", "pk": 31, "fields": {"app_label": "store", "model": "deliveryslots"}}, {"model": "contenttypes.contenttype", "pk": 32, "fields": {"app_label": "store", "model": "orderhistoric"}}, {"model": "sessions.session", "pk": "06r6e6675wr2ca1d2638qu2c3it7jtir", "fields": {"session_data": "eyJjYXJ0Ijp7IjciOiIzIn19:1kBb29:AmiGsTI4Kyfn9r0UhXP7fqlr6uTTF7dinvWFzgfnWW4", "expire_date": "2020-09-11T09:50:57.199"}}, {"model": "sessions.session", "pk": "118qbalxvfm9k22dnrtymu9yz8fjvaw6", "fields": {"session_data": "eyJjYXJ0Ijp7IjM1IjoiMiIsIjM2IjoiNCIsIjciOiI4In19:1kJGeZ:S-WvKw7iJHrkglAGP4bNYoo42TWZ9PlwxIWbMCjcbJo", "expire_date": "2020-10-02T13:42:19.333"}}, {"model": "sessions.session", "pk": "22mahd43ujdj6hx5yxepgmu20k2n069h", "fields": {"session_data": ".eJyrVkpOLCpRsqpWMlWyUjJS0lEyA9KGQNoSShsagBm1tQDeLAlv:1kDSkd:5D9gJzh9JOZa2djhirhMXFvchxLAsif02emW8lQsr0U", "expire_date": "2020-09-16T13:24:35.084"}}, {"model": "sessions.session", "pk": "2aoga4p0zrwaonuhwcmpc4gn7flrem17", "fields": {"session_data": "eyJjYXJ0Ijp7fX0:1kDTEN:GrWU8lkP-f94e_Zt8D_qB0qrFF_bT0xbPRfvXX4QBtA", "expire_date": "2020-09-16T13:55:19.483"}}, {"model": "sessions.session", "pk": "2nehqsssprlz0zpy59dpro8ntnwzr6o1", "fields": {"session_data": "eyJjYXJ0Ijp7fX0:1kDTHY:OFJTvWC7boTgKt1RRc6CV3jGHHDT7GKAjzApqcopHfE", "expire_date": "2020-09-16T13:58:36.040"}}, {"model": "sessions.session", "pk": "3jcf8ty8dmz5zsulgk3p5egeg1c1s9es", "fields": {"session_data": "eyJjYXJ0Ijp7IjYiOiIxIiwiNSI6IjEifX0:1kDSKy:LWWcHjs7h9sLCY71uvwZx_LxWQKggIp8A5YEknRxaRk", "expire_date": "2020-09-16T12:58:04.097"}}, {"model": "sessions.session", "pk": "3nj3kr8djofbknlhobruf4gl99gmkqjn", "fields": {"session_data": "eyJjYXJ0Ijp7IjUiOiI3IiwiNiI6IjgiLCI3IjoiNCJ9fQ:1kD9Du:WMxlyNlrJgXw80fmiN7aNRBJ8L9x64BU5oGlno2noKQ", "expire_date": "2020-09-15T16:33:30.398"}}, {"model": "sessions.session", "pk": "4y7h0mq0begq99612hrgvhhwifn9g10g", "fields": {"session_data": "eyJjYXJ0Ijp7IjUiOiIxIn19:1kDTM8:lYtOMPM3130JESUJ-3g7YsUJtnfJys43E7_Kx0PDWTY", "expire_date": "2020-09-16T14:03:20.219"}}, {"model": "sessions.session", "pk": "59ih1b68skemtx91kmeno2poghfi5ufh", "fields": {"session_data": "eyJjYXJ0Ijp7IjUiOiIzIiwiNiI6IjUiLCI3IjoiNCJ9fQ:1kD9N4:SoJPBWhKZ2uB1sKHFrYzRkTztsDxSGA48bwC32omZKY", "expire_date": "2020-09-15T16:42:58.242"}}, {"model": "sessions.session", "pk": "5l16jjlzw6gfil2ntux9k2cyda8d8jn2", "fields": {"session_data": ".eJxVjMsOwiAQRf-FtSEMj0JduvcbyDAMUjU0Ke3K-O_apAvd3nPOfYmI21rj1nmJUxZnMYrT75aQHtx2kO_YbrOkua3LlOSuyIN2eZ0zPy-H-3dQsddvjQNpZfLIQEY7H5QLVvtAARQOiRFS0CVY5ciXYiAVssDeF80KVDIg3h_QHTdl:1kAu8X:B64iumNtMDdy0_ibEPqGq8U2VlWVQNkcJMRo3mFiQ8c", "expire_date": "2020-09-09T12:02:41.920"}}, {"model": "sessions.session", "pk": "5p6s9ozy8htzbwhwnhqg73mxbkb5rsy3", "fields": {"session_data": "eyJjYXJ0Ijp7IjExIjoiMSIsIjUiOiIxIn19:1kDUCW:qkEQ-zj63bcfn1L0-ZRowzNBtxpwo7TLmg8_W8Khu1c", "expire_date": "2020-09-16T14:57:28.237"}}, {"model": "sessions.session", "pk": "5rlyo9vvin84gf25frfem0b2enwrs8xi", "fields": {"session_data": ".eJxVjDEOgzAQBP9ydWT5bMCGMj1vQOfzOSaJQDJQIf6eINHQ7szsDkxlhW4_HjDQtuZhW6QMY4QOWrhtgfgj0wnim6bXrHie1jIGdSrqoovq5yjf5-XeDjIt-V9Tw0bb2AqyNbXzuvaVcZ49amqCEAZvkq90zS4liyFxheJcMqJRB4tw_AAXcDqx:1kBfyd:-cOAOvG3qZzGT40Nn7DQjbsVo8bzM_B_o1qqS9clDpg", "expire_date": "2020-09-11T15:07:39.859"}}, {"model": "sessions.session", "pk": "7d0h8adx96wup24n0fus7fb7i33olpog", "fields": {"session_data": ".eJxVjDsOgzAQRO-yNbK8_mCTMn3OgNbrdSCJQOJTIe4ekGjoRm_ezAZM0wKPDTw8AKGCujmCg72Cltala9dZprbPB2zgxhLxV4azyB8a3qPicVimPqlTUVc7q9eY5fe83NtBR3N3rKlmo21uBNkaH6L20ZkQOaKmOglhiqZEpz2HUiymwg4lhGJEo04WYf8DNMg9ag:1kBdiP:eMhubhUDRYyY96zl4YkWb5OIvkHeJhpGvW1eFJjXQsY", "expire_date": "2020-09-11T12:42:45.502"}}, {"model": "sessions.session", "pk": "7xrasm0et4o8i7y7j2ktabxa52l98omn", "fields": {"session_data": "eyJjYXJ0Ijp7IjUiOiIyIiwiNiI6IjIifX0:1kBfV6:-V8YndKsA7H0L-JvUQxrd7PzQ_q2btOnmwpI2Ur-jDA", "expire_date": "2020-09-11T14:37:08.064"}}, {"model": "sessions.session", "pk": "89t81f7nh7cb3ddiswxcroly1x1aj6pt", "fields": {"session_data": "eyJjYXJ0Ijp7IjUiOiI1IiwiMTUiOiIzIn19:1kBb3k:t5VxwyV0SBsK-a6TyAjO2mEqKlAN2NLAMgbYrNkhPiU", "expire_date": "2020-09-11T09:52:36.618"}}, {"model": "sessions.session", "pk": "8idukkurowq4ko0kpztte3cxbqxuo6ha", "fields": {"session_data": "eyJ1cmwiOiIvIiwiY2FydCI6e319:1kFzDa:wJ2wtHGV_SnAlwBa280mzvmMmcbNwvv6VgJjXrJGjFg", "expire_date": "2020-09-23T12:28:54.497"}}, {"model": "sessions.session", "pk": "9294nfngtfxdn30dp8tzsun4yrmlj27s", "fields": {"session_data": "eyJjYXJ0Ijp7fX0:1kDOtv:_MXLF3UkDrmnXOCjckjdOiMs4_PHwiMV3sgw8D3tszs", "expire_date": "2020-09-16T09:17:55.001"}}, {"model": "sessions.session", "pk": "9c5ohmec868rgysmgj32mco3i6l6awlg", "fields": {"session_data": ".eJxVTssKgzAQ_Jc9S9hNjIkee-83yGaTVNui4OMk_fca8OJlGObFHCC8bNAdQAhdgQpsIfCroOd9G_p9TUs_xlNs4aYFlk-aihHfPL1mJfO0LWNQJaIud1XPOabv48reBgZeh7PNjWg0sU0kRlvn0fpaOy-ekJuQmILX2ddoxeVsKGSpKTmXdULCYM6rf096PYk:1kBhXT:s1dGisEfEBoHrNOOfLKKKCdtbmzBmaPnjE8yIA7Cq5k", "expire_date": "2020-09-11T16:47:43.656"}}, {"model": "sessions.session", "pk": "9qo46ujiieq6ykauojk18tfkoditi7q2", "fields": {"session_data": ".eJxVjMEOgyAQBf-Fc0MREJcevfcbyMJCtTWYgJ6a_nsl8eJ1Zt77sr0s7MHu7MYc7tvk9hqLm-lgnbhCj-ETczP0xvxaeVjzVmbPW8JPW_lzpbiMZ3s5mLBOx1rbXlpSUoqYNFijYegwDR6lUIIgGGxGKukV2NBD1_sIWkSVyAQizX5_lkQ6FQ:1kGMtd:ynOqivGJY23EhdZti9TopWfyVf7w0nF5ylMBDOGhL5g", "expire_date": "2020-09-24T13:45:53.824"}}, {"model": "sessions.session", "pk": "9wtwt3lwbh2hh843hya5q52417wsyg14", "fields": {"session_data": ".eJxVjEEOwiAQRe_C2pAyMAou3XsGMsNQqRpISrsy3l2bdKHb_977LxVpXUpce57jJOqsQB1-N6b0yHUDcqd6azq1uswT603RO-362iQ_L7v7d1Col29Nnp14ZI8UjhSAOCBnAkjgLFhxg8FAJ0EefaLRpBQGNhaD90JgWL0_71w4Jw:1kAV11:M6sV95FjybLel8GkktioTOKYOzYSiYhSAHKy0fbiKvA", "expire_date": "2020-09-08T09:13:15.211"}}, {"model": "sessions.session", "pk": "aemajhgagv36dzd4c1yvhp6wfhit7wou", "fields": {"session_data": "eyJjYXJ0Ijp7IjciOiIzIiwiNiI6IjEifX0:1kDOyD:MMilLe_0ilGj97-jWI0GJG6s9FUlGm5DyNAcJ6np9Mg", "expire_date": "2020-09-16T09:22:21.942"}}, {"model": "sessions.session", "pk": "d9wtf0vmlwocjghguqrftp49hvth9gc7", "fields": {"session_data": "e30:1kAqei:1H7HataMh71dhrqgt8mKAAaG61QT7W5fh2H7Ae2FfIs", "expire_date": "2020-09-09T08:19:40.483"}}, {"model": "sessions.session", "pk": "djjb0maev2zi5yd6dh1rlats2q5ilwun", "fields": {"session_data": ".eJyrVkpOLCpRsqpWMjZUslIyUtJRMjYHMgyBDBMjKMPUACplagoWqa0FAFemC40:1kDS1a:EA1gW7XwaCV0hUzC8aRC1CYiOzi0jYPu7022yXfDCVA", "expire_date": "2020-09-16T12:38:02.423"}}, {"model": "sessions.session", "pk": "dwr7uii4u8v6phfmizgpqn2oemx3nkar", "fields": {"session_data": ".eJxVjMsOwiAQRf-FtSEMj0JduvcbyDAMUjU0Ke3K-O_apAvd3nPOfYmI21rj1nmJUxZnMYrT75aQHtx2kO_YbrOkua3LlOSuyIN2eZ0zPy-H-3dQsddvjQNpZfLIQEY7H5QLVvtAARQOiRFS0CVY5ciXYiAVssDeF80KVDIg3h_QHTdl:1kAssI:lwUqfuwJALmcxTqnuBtPwE68nrV_31NB7AYAPV8V2ZU", "expire_date": "2020-09-09T10:41:50.471"}}, {"model": "sessions.session", "pk": "ffe99w22ob7v57gs76t5xmm9ej1mctqi", "fields": {"session_data": "eyJjYXJ0Ijp7fX0:1kC6G8:zb2XIkmnwpCMvr8OCv46MrYuNsb0pzCyZJL0xdMtb0U", "expire_date": "2020-09-12T19:11:28.294"}}, {"model": "sessions.session", "pk": "g6bc986helz7o4a35ymmb6apk2ihd1rv", "fields": {"session_data": ".eJxVjEEOgyAQRe_CuiEMqKDL7nsGMwxDsW0wAV0Z715NXLTb_95_mxhxXdK4Vi7jFMQgenH73TzSm_MJwgvzc5Y056VMXp6KvGiVjznw5365f4GENR1v7EgrE3oGMrq1TrWu0daRA4WdZwTvdHSNasnGaMBHaoCtjZoVKG_giBKWRQzbvn8BCOg6sQ:1kDlCH:-BUgrK6UJ2dKeHAmc3LO8RGxOKUQvpeJKZ_-i3o3tkQ", "expire_date": "2020-09-17T09:06:21.406"}}, {"model": "sessions.session", "pk": "gc5nzumvvdbndsfru3kplw5bxn1egyzd", "fields": {"session_data": "eyJjYXJ0Ijp7IjUiOiIxIn19:1kDTN4:klrO-7pQ7BVo8BXrC3XABounVHN04swB0PhRMNYJpss", "expire_date": "2020-09-16T14:04:18.740"}}, {"model": "sessions.session", "pk": "gd79vuhaoxi8l5q6uwn4fkftq1r29nmr", "fields": {"session_data": "eyJjYXJ0Ijp7IjUiOiIxIiwiNiI6IjEiLCI3IjoiMSJ9fQ:1kDTQF:uOuzJMUZdzObva3qebQ3cUVHSlp7SEWwpWPi7cP0MS4", "expire_date": "2020-09-16T14:07:35.101"}}, {"model": "sessions.session", "pk": "h9lroo1y3feu1fj87ki96jz6o8rb7093", "fields": {"session_data": ".eJxVjEEOwiAQRe_C2pAyMAou3XsGMsNQqRpISrsy3l2bdKHb_977LxVpXUpce57jJOqsQB1-N6b0yHUDcqd6azq1uswT603RO-362iQ_L7v7d1Col29Nnp14ZI8UjhSAOCBnAkjgLFhxg8FAJ0EefaLRpBQGNhaD90JgWL0_71w4Jw:1kAUyg:5L1eQroG1O5JMkPQMEv9OtxdJcOtiFkh_AmyJRLM29U", "expire_date": "2020-09-08T09:10:50.448"}}, {"model": "sessions.session", "pk": "i8qgcjne1cziijz6oxit1um0trgewmb3", "fields": {"session_data": "e30:1kBgGc:EpfgqSFDBYDl0-jKQuIiY4vthzedjf9VZELAvUxFbd0", "expire_date": "2020-09-11T15:26:14.257"}}, {"model": "sessions.session", "pk": "ic523k8z5rb8qknxp155m6dr4z1lws21", "fields": {"session_data": "eyJjYXJ0Ijp7fX0:1kDT2t:sSyvlYB0OAOc8xA3NARBl-21efwmm06_GLpDBi77kGc", "expire_date": "2020-09-16T13:43:27.948"}}, {"model": "sessions.session", "pk": "ivgufnccxr2r95ta8ck65ltqcrsze2xv", "fields": {"session_data": ".eJxVjDEOgzAQBP9ydWT5bMCGMj1vQOfzOSaJQDJQIf6eINHQ7szsDkxlhW4_HjDQtuZhW6QMY4QOWrhtgfgj0wnim6bXrHie1jIGdSrqoovq5yjf5-XeDjIt-V9Tw0bb2AqyNbXzuvaVcZ49amqCEAZvkq90zS4liyFxheJcMqJRB4tw_AAXcDqx:1kBgF8:i6g-_B1MyglasLSYHCq0ell-TF9SI53clvYf94mFC-E", "expire_date": "2020-09-11T15:24:42.989"}}, {"model": "sessions.session", "pk": "ix8fsuulu0dgp1e2t3a7zpn39n0xgqdz", "fields": {"session_data": "eyJjYXJ0Ijp7IjYwIjoiMiIsIjciOiI0IiwiNSI6IjMifX0:1kBdfU:4FP1uFkhKsEM4KtthumAWfeo0jiOijC87HIdfhlrWr8", "expire_date": "2020-09-11T12:39:44.895"}}, {"model": "sessions.session", "pk": "jdjnrc75nm265qibovsct1u7zv6qwajv", "fields": {"session_data": "eyJjYXJ0Ijp7IjYiOiIxIiwiNSI6IjEifX0:1kDS7m:SkN5jQq8jFWma6rTX1f3WRrO2uczD72YhSGndIjsHDQ", "expire_date": "2020-09-16T12:44:26.404"}}, {"model": "sessions.session", "pk": "jkk6fg9l2hr168qjypvu2c47bbtm98r0", "fields": {"session_data": "eyI1IjoiMSIsIjExIjoiMSIsImNhcnQiOnt9fQ:1kBbAn:UL-F2-1mZ9ObFMp84vSAsdj53aeeFBagRfgfK6RfIZI", "expire_date": "2020-09-11T09:59:53.004"}}, {"model": "sessions.session", "pk": "kjh3pxa5kxfv8pkiwj8xwbtocltlznab", "fields": {"session_data": "eyJjYXJ0Ijp7IjYiOiIxIn19:1kDV0Q:JxdzRkTC_V5C381HKVQfAkgPX1yrfcLrt_v0QdBDpE0", "expire_date": "2020-09-16T15:49:02.665"}}, {"model": "sessions.session", "pk": "kox174d0gkfv4ldcwvi3o3ltb8dz74ik", "fields": {"session_data": ".eJxVjr0OgzAQg9_lZhTlEkICY_c-A7pcLoW2AomfCfXdGyQWJkv2Z8sHMC0bdAc46MBABb4owq-CnvZt6PdVln5MxWzh5kXij0xnkN40vWbF87QtY1Qnoq50Vc85yfdxsbeBgdahtKlho21qBdka54N2oTY-cEBNTRTCGEwOtXbsc7YYM9co3mcjGnW05eofB7k9MA:1kDodw:3IyDcoEX6eN-kYV3YuplHBWXwSdcTCH892RIWw7ArN0", "expire_date": "2020-09-17T12:47:08.719"}}, {"model": "sessions.session", "pk": "l8lujvhrbikfyxu0i0iio8e5s8v631hv", "fields": {"session_data": "eyJjYXJ0Ijp7IjUiOiIxIn19:1kDUFk:E_rtl0MYayabx5K8enQczsNQAqhBS0tP4GtNfoaJyc8", "expire_date": "2020-09-16T15:00:48.560"}}, {"model": "sessions.session", "pk": "mgxxzn8h2iw6x2aop3iugzlngg3b234o", "fields": {"session_data": "eyJjYXJ0Ijp7fX0:1kDTWD:R4W2SFbtad4c3dVkDOe0nGENpnkLKgpRCcUYt5O_mKI", "expire_date": "2020-09-16T14:13:45.099"}}, {"model": "sessions.session", "pk": "nprwfzzoerux44ur1pf9fji36hyeideg", "fields": {"session_data": ".eJxVjMsOwiAQRf-FtSEMj0JduvcbyDAMUjU0Ke3K-O_apAvd3nPOfYmI21rj1nmJUxZnMYrT75aQHtx2kO_YbrOkua3LlOSuyIN2eZ0zPy-H-3dQsddvjQNpZfLIQEY7H5QLVvtAARQOiRFS0CVY5ciXYiAVssDeF80KVDIg3h_QHTdl:1kAxza:2HJ1FLuUVD7jb2wuw5woE8aLGGdT92V8Rvw3uN7dc0g", "expire_date": "2020-09-09T16:09:42.946"}}, {"model": "sessions.session", "pk": "o968d9dhoj492tgv0h0yr6e00cfm0rr2", "fields": {"session_data": "eyJjYXJ0Ijp7fX0:1kDT6q:9PkprPlJ9WuxKgrQdgD_A3pxP9hFhPP_AH8Qf7cBb9M", "expire_date": "2020-09-16T13:47:32.970"}}, {"model": "sessions.session", "pk": "odrucyit23ltffh5xnq77maf95owhnhn", "fields": {"session_data": "e30:1kAqfU:YpKG_IJwL0cogDccsAkYmUS0_tH1hGO7SKJSVOrcs2c", "expire_date": "2020-09-09T08:20:28.189"}}, {"model": "sessions.session", "pk": "opz96rhbdb1718qqc075yybclnv6lpy7", "fields": {"session_data": ".eJxVjMsOwiAQRf-FtSEwPAou3fsNZGBAqoYmpV0Z_11JutDtPefcFwu4bzXsPa9hJnZmUrDT7xgxPXIbhO7YbgtPS9vWOfKh8IN2fl0oPy-H-3dQsddvrb0BTwpA5KKdt9pNEssUEYQS5JLFQUBBVM4n46SJ2WmRVSGbiDR7fwDhFjel:1kDV1E:iFMPTvFj2dooOoG1PQK8Kt1Tr-hXTjgm87RgQiDAzMs", "expire_date": "2020-09-16T15:49:52.768"}}, {"model": "sessions.session", "pk": "sk9o92jlmosobr1dxqh43s15ln2nwxl2", "fields": {"session_data": ".eJxVjMsOwiAQRf-FtSEMj0JduvcbyDAMUjU0Ke3K-O_apAvd3nPOfYmI21rj1nmJUxZnMYrT75aQHtx2kO_YbrOkua3LlOSuyIN2eZ0zPy-H-3dQsddvjQNpZfLIQEY7H5QLVvtAARQOiRFS0CVY5ciXYiAVssDeF80KVDIg3h_QHTdl:1kAvPg:NqQTXwb6_Hs8aMGOZs_x_UCP1s1u_riyZpeBCvcYjbA", "expire_date": "2020-09-09T13:24:28.337"}}, {"model": "sessions.session", "pk": "smcwmk0cst6k263p163iw97yh90mily8", "fields": {"session_data": ".eJyrVkpOLCpRsqpWMlWyUjJR0lEyA9KGQNocShsagBm1tQDeRAlv:1kDMko:PYEJpp2Ohp2USI9RJo6JQyyAJEUuKk_sh4fjzQK9igY", "expire_date": "2020-09-16T07:00:22.559"}}, {"model": "sessions.session", "pk": "sqsau6in125iklduyhnc88e1lnc6j91y", "fields": {"session_data": "eyJjYXJ0Ijp7IjYiOiIxIn19:1kDUD1:MEXEtLvsNMFzD-mkK7-AgwlZD9VprVUyLtL9BiCtR_k", "expire_date": "2020-09-16T14:57:59.986"}}, {"model": "sessions.session", "pk": "tcgz0w4jsku8j729xaz87fft050lnyo2", "fields": {"session_data": "eyJjYXJ0Ijp7fX0:1kDT78:8p6Th_eF3qmiuyYfqh2HLq30UKnifU1uaHTbbhF0V4A", "expire_date": "2020-09-16T13:47:50.136"}}, {"model": "sessions.session", "pk": "ubwseaxj9j7vez5sg1e56shqrnj8pxnz", "fields": {"session_data": "eyJjYXJ0Ijp7IjUiOiIyIiwiNiI6IjEiLCI3IjoiMSJ9fQ:1kD9Fy:EFfDnHpXeUamSkJ9vDaugbbsWHJu110zKnrgaaMNi6Q", "expire_date": "2020-09-15T16:35:38.104"}}, {"model": "sessions.session", "pk": "uibc90dh300qioi7uu6wfxkc1bzs0m6j", "fields": {"session_data": "eyJjYXJ0Ijp7IjYiOiI4IiwiNyI6IjQifX0:1kDRdf:sbjJn9BZQzO7oiZ5YVEdWq2yeWlsx30DRCsFDLqvStE", "expire_date": "2020-09-16T12:13:19.359"}}, {"model": "sessions.session", "pk": "ukvsaedxg5ev8s911rp27grax38j15r9", "fields": {"session_data": ".eJxVjEEOgyAURO_y14ZCERGX3fcM5gOfamsgQVgZ715N3LiceW9mg5oXGOCBzqUaCzTgMBcYtr2BEWuZxrpSHmd_SAZunUX3o3gC_8X4ScylWPJs2amwi67snTwtr8u9HUy4TudacOKhDY4rhSQsl1qTkULK7qm06PvOKOcDSZRHRGFUS9K2XdABg_YB9j8XyUBZ:1kG3sE:QbQ2q5J3A9QojlfRcKmS9gDm5UNjv959iE2fT4hOsxs", "expire_date": "2020-09-23T17:27:10.896"}}, {"model": "sessions.session", "pk": "vqekxr9ytcmdcdkkr28mpz7x3np8tcrw", "fields": {"session_data": ".eJyrVkpOLCpRsqpWMlOyUjJU0lEyNoQyzKG0KZiurQUA3lUJbw:1kDRCJ:oexZNNq6Tcke_OGGqbzkGukMUh8guu9HskRTYUUO6CY", "expire_date": "2020-09-16T11:45:03.758"}}, {"model": "sessions.session", "pk": "whb4auux8c0eb1xhqkll1wa3rzy2pq3n", "fields": {"session_data": ".eJxVjMEOgyAQRP-Fc0OgKyAee_cbyAK71bbRRPRk_PdK4qE9zsybt4uA2zqErdASxiw64cXtt4uY3jTVIb9wes4yzdO6jFFWRF5rkf2c6fO42D_BgGWob61IccNJGYOkowLnyIMGsHfjdNtab1JmAoQzovamIYiNZcfILvMpTbisotuP4wsO0Dr8:1kL68L:dNL_hUBtbmPSH_9Si4wNy2EQxvNSB98FNsw2NtDSyfM", "expire_date": "2020-10-07T14:52:37.262"}}, {"model": "sessions.session", "pk": "y1tfnww8oq8jyou03yqv0ug9plr3ita1", "fields": {"session_data": "eyJjYXJ0Ijp7IjUiOiIxIn19:1kDTdo:1yzAZVfnXYBQh1TPNaSOUi0TaUnG0s9e32HJpa_J3I4", "expire_date": "2020-09-16T14:21:36.642"}}, {"model": "sessions.session", "pk": "yei9hhd3b9ft3iji55o7p56z7kh7sz49", "fields": {"session_data": "eyJjYXJ0Ijp7IjUiOiIzIn19:1kBfur:kA9mIbhcjrLwCbqDMc4I-dZFFc9sIereKVJtILyxhbg", "expire_date": "2020-09-11T15:03:45.540"}}, {"model": "sessions.session", "pk": "z048tfl7ny35a26qokspm3ypg8fqiyxm", "fields": {"session_data": "eyJjYXJ0Ijp7fX0:1kDUDR:NaP2V3geSrxQcMeU73l9DEZAlr_vGWaEsYCu98ngbJo", "expire_date": "2020-09-16T14:58:25.700"}}, {"model": "store.adress", "pk": 1, "fields": {"numero": 11, "rue": "rue des près", "complement": null, "code_postal": "59000", "ville": "Lille"}}, {"model": "store.adress", "pk": 2, "fields": {"numero": 40, "rue": "avenue des peupliers", "complement": null, "code_postal": "59118", "ville": "Wambrechies"}}, {"model": "store.adress", "pk": 3, "fields": {"numero": 2, "rue": "rue aux champs", "complement": null, "code_postal": "59118", "ville": "Wambrechies"}}, {"model": "store.adress", "pk": 4, "fields": {"numero": 1, "rue": "place mimosa", "complement": null, "code_postal": "59280", "ville": "Armentières"}}, {"model": "store.adress", "pk": 5, "fields": {"numero": 28, "rue": "rue du beau champs", "complement": null, "code_postal": "59890", "ville": "Quesnoy"}}, {"model": "store.adress", "pk": 6, "fields": {"numero": 1, "rue": "rue acacias", "complement": null, "code_postal": "59000", "ville": "lille"}}, {"model": "store.adress", "pk": 7, "fields": {"numero": 8, "rue": "rue des peupliers", "complement": null, "code_postal": "59000", "ville": "lille"}}, {"model": "store.adress", "pk": 8, "fields": {"numero": 8, "rue": "rue des peupliers", "complement": "", "code_postal": "59000", "ville": "lille"}}, {"model": "store.adress", "pk": 9, "fields": {"numero": 20, "rue": "rue des près", "complement": "", "code_postal": "95000", "ville": "paris"}}, {"model": "store.adress", "pk": 10, "fields": {"numero": 23, "rue": "rue bapaume", "complement": "", "code_postal": "59000", "ville": "lille"}}, {"model": "store.adress", "pk": 11, "fields": {"numero": 22, "rue": "rue mimosa", "complement": "", "code_postal": "59110", "ville": "la madeleine"}}, {"model": "store.adress", "pk": 12, "fields": {"numero": 1, "rue": "rue acacias", "complement": "", "code_postal": "59110", "ville": "la madeleine"}}, {"model": "store.adress", "pk": 13, "fields": {"numero": 21, "rue": "rue mimosa", "complement": "", "code_postal": "59110", "ville": "la madeleine"}}, {"model": "store.adress", "pk": 14, "fields": {"numero": 19, "rue": "rue mimosa", "complement": "", "code_postal": "59110", "ville": "la madeleine"}}, {"model": "store.adress", "pk": 15, "fields": {"numero": 20, "rue": "rue mimosa", "complement": "", "code_postal": "59110", "ville": "la madeleine"}}, {"model": "store.adress", "pk": 16, "fields": {"numero": 35, "rue": "rue mimosa", "complement": "", "code_postal": "59110", "ville": "la madeleine"}}, {"model": "store.adress", "pk": 17, "fields": {"numero": 34, "rue": "rue mimosa", "complement": "", "code_postal": "59110", "ville": "la madeleine"}}, {"model": "store.adress", "pk": 18, "fields": {"numero": 20, "rue": "rue magnolia", "complement": "", "code_postal": "59110", "ville": "la madeleine"}}, {"model": "store.adress", "pk": 19, "fields": {"numero": 10, "rue": "rue acacias", "complement": "", "code_postal": "90000", "ville": "paris"}}, {"model": "store.commandtype", "pk": 1, "fields": {"type": "withdrawal", "available": true}}, {"model": "store.commandtype", "pk": 2, "fields": {"type": "locker", "available": true}}, {"model": "store.commandtype", "pk": 3, "fields": {"type": "delivery", "available": true}}, {"model": "store.clienttype", "pk": 1, "fields": {"type_client": "particulier", "available": true}}, {"model": "store.clienttype", "pk": 2, "fields": {"type_client": "restaurant", "available": true}}, {"model": "store.category", "pk": 1, "fields": {"name": "légumes"}}, {"model": "store.category", "pk": 2, "fields": {"name": "aromatiques"}}, {"model": "store.category", "pk": 3, "fields": {"name": "fruits"}}, {"model": "store.category", "pk": 4, "fields": {"name": "fromages"}}, {"model": "store.category", "pk": 5, "fields": {"name": "produits de la ruche"}}, {"model": "store.category", "pk": 6, "fields": {"name": "produits du poulailler"}}, {"model": "store.unity", "pk": 1, "fields": {"type": "le kg"}}, {"model": "store.unity", "pk": 2, "fields": {"type": "la pièce"}}, {"model": "store.unity", "pk": 3, "fields": {"type": "la botte"}}, {"model": "store.unity", "pk": 4, "fields": {"type": "la barquette"}}, {"model": "store.admincode", "pk": 1, "fields": {"code": 123456}}, {"model": "store.product", "pk": 1, "fields": {"name": "salade", "fk_category": 1}}, {"model": "store.product", "pk": 2, "fields": {"name": "épinard", "fk_category": 1}}, {"model": "store.product", "pk": 3, "fields": {"name": "tomate", "fk_category": 1}}, {"model": "store.product", "pk": 4, "fields": {"name": "oignons", "fk_category": 1}}, {"model": "store.product", "pk": 5, "fields": {"name": "ail", "fk_category": 1}}, {"model": "store.product", "pk": 6, "fields": {"name": "échalotte", "fk_category": 1}}, {"model": "store.product", "pk": 7, "fields": {"name": "aubergine", "fk_category": 1}}, {"model": "store.product", "pk": 8, "fields": {"name": "Poivrons", "fk_category": 1}}, {"model": "store.product", "pk": 9, "fields": {"name": "concombre", "fk_category": 1}}, {"model": "store.product", "pk": 10, "fields": {"name": "cornichon", "fk_category": 1}}, {"model": "store.product", "pk": 11, "fields": {"name": "courgette", "fk_category": 1}}, {"model": "store.product", "pk": 12, "fields": {"name": "piment", "fk_category": 1}}, {"model": "store.product", "pk": 13, "fields": {"name": "courge", "fk_category": 1}}, {"model": "store.product", "pk": 14, "fields": {"name": "poireau", "fk_category": 1}}, {"model": "store.product", "pk": 15, "fields": {"name": "betterave", "fk_category": 1}}, {"model": "store.product", "pk": 16, "fields": {"name": "radis", "fk_category": 1}}, {"model": "store.product", "pk": 17, "fields": {"name": "carotte", "fk_category": 1}}, {"model": "store.product", "pk": 18, "fields": {"name": "brocoli", "fk_category": 1}}, {"model": "store.product", "pk": 19, "fields": {"name": "chou fleur", "fk_category": 1}}, {"model": "store.product", "pk": 20, "fields": {"name": "chou rave", "fk_category": 1}}, {"model": "store.product", "pk": 21, "fields": {"name": "chou cabus", "fk_category": 1}}, {"model": "store.product", "pk": 22, "fields": {"name": "chou kale", "fk_category": 1}}, {"model": "store.product", "pk": 23, "fields": {"name": "chou chinois", "fk_category": 1}}, {"model": "store.product", "pk": 24, "fields": {"name": "patisson", "fk_category": 1}}, {"model": "store.product", "pk": 25, "fields": {"name": "panais", "fk_category": 1}}, {"model": "store.product", "pk": 26, "fields": {"name": "celeri rave", "fk_category": 1}}, {"model": "store.product", "pk": 27, "fields": {"name": "rutaba", "fk_category": 1}}, {"model": "store.product", "pk": 28, "fields": {"name": "navet", "fk_category": 1}}, {"model": "store.product", "pk": 29, "fields": {"name": "poirée", "fk_category": 1}}, {"model": "store.product", "pk": 30, "fields": {"name": "haricot", "fk_category": 1}}, {"model": "store.product", "pk": 31, "fields": {"name": "pois", "fk_category": 1}}, {"model": "store.product", "pk": 32, "fields": {"name": "artichaut", "fk_category": 1}}, {"model": "store.product", "pk": 33, "fields": {"name": "fenouil", "fk_category": 1}}, {"model": "store.product", "pk": 34, "fields": {"name": "céleri branche", "fk_category": 1}}, {"model": "store.product", "pk": 35, "fields": {"name": "melon", "fk_category": 1}}, {"model": "store.product", "pk": 36, "fields": {"name": "ciboulette", "fk_category": 2}}, {"model": "store.product", "pk": 37, "fields": {"name": "origan", "fk_category": 2}}, {"model": "store.product", "pk": 38, "fields": {"name": "basilic", "fk_category": 2}}, {"model": "store.product", "pk": 39, "fields": {"name": "persil", "fk_category": 2}}, {"model": "store.product", "pk": 40, "fields": {"name": "menthe", "fk_category": 2}}, {"model": "store.product", "pk": 41, "fields": {"name": "fraise", "fk_category": 3}}, {"model": "store.product", "pk": 42, "fields": {"name": "framboise", "fk_category": 3}}, {"model": "store.product", "pk": 43, "fields": {"name": "poire", "fk_category": 3}}, {"model": "store.product", "pk": 44, "fields": {"name": "pomme", "fk_category": 3}}, {"model": "store.product", "pk": 45, "fields": {"name": "vache", "fk_category": 4}}, {"model": "store.product", "pk": 46, "fields": {"name": "chèvre", "fk_category": 4}}, {"model": "store.product", "pk": 47, "fields": {"name": "miel", "fk_category": 5}}, {"model": "store.product", "pk": 48, "fields": {"name": "oeufs", "fk_category": 6}}, {"model": "store.variety", "pk": 1, "fields": {"name": "laitue", "price": "1.00", "stock": 20, "image": "medias_variety/laitue.jpg", "fk_unity": 2, "fk_product": 1, "available": true}}, {"model": "store.variety", "pk": 2, "fields": {"name": "mâche", "price": "1.00", "stock": 0, "image": "medias_variety/mâche.jpg", "fk_unity": 2, "fk_product": 1, "available": true}}, {"model": "store.variety", "pk": 3, "fields": {"name": "batavia", "price": "1.00", "stock": 15, "image": "medias_variety/batavia.jpg", "fk_unity": 2, "fk_product": 1, "available": true}}, {"model": "store.variety", "pk": 4, "fields": {"name": "Matador", "price": "1.00", "stock": 49, "image": "medias_variety/Matador.jpg", "fk_unity": 1, "fk_product": 2, "available": true}}, {"model": "store.variety", "pk": 5, "fields": {"name": "Géant d'hiver", "price": "1.00", "stock": 56, "image": "medias_variety/Géant_dhiver.jpg", "fk_unity": 1, "fk_product": 2, "available": true}}, {"model": "store.variety", "pk": 6, "fields": {"name": "verdil", "price": "1.00", "stock": 50, "image": "medias_variety/Verdil.jpg", "fk_unity": 1, "fk_product": 2, "available": true}}, {"model": "store.variety", "pk": 7, "fields": {"name": "Bosque Blue", "price": "1.00", "stock": 23, "image": "medias_variety/Bosque_Blue.jpg", "fk_unity": 1, "fk_product": 3, "available": true}}, {"model": "store.variety", "pk": 8, "fields": {"name": "Coeur de boeuf", "price": "1.00", "stock": 15, "image": "medias_variety/Coeur_de_boeuf.jpg", "fk_unity": 1, "fk_product": 3, "available": true}}, {"model": "store.variety", "pk": 9, "fields": {"name": "Green zebra", "price": "1.00", "stock": 62, "image": "medias_variety/Green_zebra.jpg", "fk_unity": 1, "fk_product": 3, "available": true}}, {"model": "store.variety", "pk": 10, "fields": {"name": "Rouge de tropea", "price": "1.00", "stock": 56, "image": "medias_variety/Rouge_de_tropea.jpg", "fk_unity": 1, "fk_product": 4, "available": true}}, {"model": "store.variety", "pk": 11, "fields": {"name": "Tonda musona", "price": "1.00", "stock": 50, "image": "medias_variety/Tonda_musona.jpg", "fk_unity": 1, "fk_product": 4, "available": true}}, {"model": "store.variety", "pk": 12, "fields": {"name": "New York early", "price": "1.00", "stock": 50, "image": "medias_variety/New_York_early.jpg", "fk_unity": 1, "fk_product": 4, "available": true}}, {"model": "store.variety", "pk": 13, "fields": {"name": "commun", "price": "1.00", "stock": 50, "image": "medias_variety/ail.jpg", "fk_unity": 1, "fk_product": 5, "available": true}}, {"model": "store.variety", "pk": 14, "fields": {"name": "commune", "price": "1.00", "stock": 50, "image": "medias_variety/echalote.jpg", "fk_unity": 1, "fk_product": 6, "available": true}}, {"model": "store.variety", "pk": 15, "fields": {"name": "Bianca oval", "price": "1.00", "stock": 50, "image": "medias_variety/Bianca_oval.jpg", "fk_unity": 1, "fk_product": 7, "available": true}}, {"model": "store.variety", "pk": 16, "fields": {"name": "Japanese Pickling", "price": "1.00", "stock": 50, "image": "medias_variety/Japanese_Pickling.jpg", "fk_unity": 1, "fk_product": 7, "available": true}}, {"model": "store.variety", "pk": 17, "fields": {"name": "Bianca Rotonda", "price": "1.00", "stock": 82, "image": "medias_variety/Bianca_Rotonda.jpg", "fk_unity": 1, "fk_product": 7, "available": true}}, {"model": "store.variety", "pk": 18, "fields": {"name": "buran", "price": "1.00", "stock": 50, "image": "medias_variety/buran.jpg", "fk_unity": 1, "fk_product": 8, "available": true}}, {"model": "store.variety", "pk": 19, "fields": {"name": "sweet jemison", "price": "1.00", "stock": 50, "image": "medias_variety/sweet_jemison.jpg", "fk_unity": 1, "fk_product": 8, "available": true}}, {"model": "store.variety", "pk": 20, "fields": {"name": "georgescu chocolate", "price": "1.00", "stock": 50, "image": "medias_variety/georgescu_chocolate.jpg", "fk_unity": 1, "fk_product": 8, "available": true}}, {"model": "store.variety", "pk": 21, "fields": {"name": "long vert anglais", "price": "1.00", "stock": 50, "image": "medias_variety/long_vert_anglais.jpg", "fk_unity": 1, "fk_product": 9, "available": true}}, {"model": "store.variety", "pk": 22, "fields": {"name": "poona kheera", "price": "1.00", "stock": 50, "image": "medias_variety/poona_kheera.jpg", "fk_unity": 1, "fk_product": 9, "available": true}}, {"model": "store.variety", "pk": 23, "fields": {"name": "vert petit de paris", "price": "1.00", "stock": 50, "image": "medias_variety/vert_petit_de_paris.jpg", "fk_unity": 1, "fk_product": 10, "available": true}}, {"model": "store.variety", "pk": 24, "fields": {"name": "ronde de nice", "price": "1.00", "stock": 47, "image": "medias_variety/ronde_de_nice.jpg", "fk_unity": 1, "fk_product": 11, "available": true}}, {"model": "store.variety", "pk": 25, "fields": {"name": "striato d'italia", "price": "1.00", "stock": 50, "image": "medias_variety/striato_ditalia.jpg", "fk_unity": 1, "fk_product": 11, "available": true}}, {"model": "store.variety", "pk": 26, "fields": {"name": "cherry tine", "price": "1.00", "stock": 50, "image": "medias_variety/cherry_tine.jpg", "fk_unity": 1, "fk_product": 12, "available": true}}, {"model": "store.variety", "pk": 27, "fields": {"name": "butternut sonca orange", "price": "1.00", "stock": 50, "image": "medias_variety/butternut_sonca_orange.jpg", "fk_unity": 1, "fk_product": 13, "available": true}}, {"model": "store.variety", "pk": 28, "fields": {"name": "potimarron solor", "price": "1.00", "stock": 50, "image": "medias_variety/potimarron_solor.jpg", "fk_unity": 1, "fk_product": 13, "available": true}}, {"model": "store.variety", "pk": 29, "fields": {"name": "bleu d'hiver", "price": "1.00", "stock": 50, "image": "medias_variety/bleu_dhiver.jpg", "fk_unity": 1, "fk_product": 14, "available": true}}, {"model": "store.variety", "pk": 30, "fields": {"name": "de chioggia", "price": "1.00", "stock": 50, "image": "medias_variety/de_chioggia.jpg", "fk_unity": 3, "fk_product": 15, "available": true}}, {"model": "store.variety", "pk": 31, "fields": {"name": "golden", "price": "1.00", "stock": 50, "image": "medias_variety/golden.jpg", "fk_unity": 3, "fk_product": 15, "available": true}}, {"model": "store.variety", "pk": 32, "fields": {"name": "noir rond", "price": "1.00", "stock": 50, "image": "medias_variety/noir_rond.jpg", "fk_unity": 3, "fk_product": 16, "available": true}}, {"model": "store.variety", "pk": 33, "fields": {"name": "bleu d'automne et d'hiver", "price": "1.00", "stock": 50, "image": "medias_variety/bleu_dautomne_et_dhiver.jpg", "fk_unity": 3, "fk_product": 16, "available": true}}, {"model": "store.variety", "pk": 34, "fields": {"name": "rouge à bout blanc", "price": "1.00", "stock": 50, "image": "medias_variety/rouge_à_bout_blanc.jpg", "fk_unity": 3, "fk_product": 16, "available": true}}, {"model": "store.variety", "pk": 35, "fields": {"name": "de colmar", "price": "1.00", "stock": 50, "image": "medias_variety/de_colmar.jpg", "fk_unity": 3, "fk_product": 17, "available": true}}, {"model": "store.variety", "pk": 36, "fields": {"name": "romanesco", "price": "1.00", "stock": 50, "image": "medias_variety/romanesco.jpg", "fk_unity": 1, "fk_product": 18, "available": true}}, {"model": "store.variety", "pk": 37, "fields": {"name": "de cicco", "price": "1.00", "stock": 50, "image": "medias_variety/de_cicco.jpg", "fk_unity": 1, "fk_product": 18, "available": true}}, {"model": "store.variety", "pk": 38, "fields": {"name": "goodman", "price": "1.00", "stock": 50, "image": "medias_variety/goodman.jpg", "fk_unity": 1, "fk_product": 19, "available": true}}, {"model": "store.variety", "pk": 39, "fields": {"name": "dyna", "price": "1.00", "stock": 50, "image": "medias_variety/dyna.jpg", "fk_unity": 1, "fk_product": 20, "available": true}}, {"model": "store.variety", "pk": 40, "fields": {"name": "des quatres saisons", "price": "1.00", "stock": 50, "image": "medias_variety/des_quatres_saisons.jpg", "fk_unity": 1, "fk_product": 21, "available": true}}, {"model": "store.variety", "pk": 41, "fields": {"name": "western front", "price": "1.00", "stock": 50, "image": "medias_variety/western_front.jpg", "fk_unity": 1, "fk_product": 22, "available": true}}, {"model": "store.variety", "pk": 42, "fields": {"name": "pack choï nain", "price": "1.00", "stock": 50, "image": "medias_variety/pack_choï_nain.jpg", "fk_unity": 1, "fk_product": 23, "available": true}}, {"model": "store.variety", "pk": 43, "fields": {"name": "blanc", "price": "1.00", "stock": 50, "image": "medias_variety/blanc.jpg", "fk_unity": 1, "fk_product": 24, "available": true}}, {"model": "store.variety", "pk": 44, "fields": {"name": "white gem", "price": "1.00", "stock": 50, "image": "medias_variety/white_gem.jpg", "fk_unity": 1, "fk_product": 25, "available": true}}, {"model": "store.variety", "pk": 45, "fields": {"name": "monarch", "price": "1.00", "stock": 50, "image": "medias_variety/monarch.jpg", "fk_unity": 1, "fk_product": 26, "available": true}}, {"model": "store.variety", "pk": 46, "fields": {"name": "major dunne", "price": "1.00", "stock": 50, "image": "medias_variety/major_dunne.jpg", "fk_unity": 1, "fk_product": 27, "available": true}}, {"model": "store.variety", "pk": 47, "fields": {"name": "de milan", "price": "1.00", "stock": 50, "image": "medias_variety/de_milan.jpg", "fk_unity": 1, "fk_product": 28, "available": true}}, {"model": "store.variety", "pk": 48, "fields": {"name": "hinona kabu", "price": "1.00", "stock": 50, "image": "medias_variety/hinona_kabu.jpg", "fk_unity": 1, "fk_product": 28, "available": true}}, {"model": "store.variety", "pk": 49, "fields": {"name": "pink passion", "price": "1.00", "stock": 50, "image": "medias_variety/pink_passion.jpg", "fk_unity": 1, "fk_product": 29, "available": true}}, {"model": "store.variety", "pk": 50, "fields": {"name": "à cardes jaunes", "price": "1.00", "stock": 50, "image": "medias_variety/à_cardes_jaunes.jpg", "fk_unity": 1, "fk_product": 29, "available": true}}, {"model": "store.variety", "pk": 51, "fields": {"name": "reine des pourpres", "price": "1.00", "stock": 50, "image": "medias_variety/reine_des_pourpres.jpg", "fk_unity": 1, "fk_product": 30, "available": true}}, {"model": "store.variety", "pk": 52, "fields": {"name": "merveille de venise", "price": "1.00", "stock": 50, "image": "medias_variety/merveille_de_venise.jpg", "fk_unity": 1, "fk_product": 30, "available": true}}, {"model": "store.variety", "pk": 53, "fields": {"name": "géant suisse", "price": "1.00", "stock": 50, "image": "medias_variety/géant_suisse.jpg", "fk_unity": 1, "fk_product": 31, "available": true}}, {"model": "store.variety", "pk": 54, "fields": {"name": "imperial star", "price": "1.00", "stock": 50, "image": "medias_variety/imperial_star.jpg", "fk_unity": 1, "fk_product": 32, "available": true}}, {"model": "store.variety", "pk": 55, "fields": {"name": "zefa tardo", "price": "1.00", "stock": 50, "image": "medias_variety/zefa_tardo.png", "fk_unity": 1, "fk_product": 33, "available": true}}, {"model": "store.variety", "pk": 56, "fields": {"name": "percel", "price": "1.00", "stock": 50, "image": "medias_variety/percel.jpg", "fk_unity": 1, "fk_product": 34, "available": true}}, {"model": "store.variety", "pk": 57, "fields": {"name": "cantaloup charentais", "price": "1.00", "stock": 50, "image": "medias_variety/cantaloup_charentais.jpg", "fk_unity": 1, "fk_product": 35, "available": true}}, {"model": "store.variety", "pk": 58, "fields": {"name": "commune", "price": "1.00", "stock": 46, "image": "medias_variety/ciboulette.jpg", "fk_unity": 1, "fk_product": 36, "available": true}}, {"model": "store.variety", "pk": 59, "fields": {"name": "zaatar", "price": "1.00", "stock": 47, "image": "medias_variety/zaatar.jpg", "fk_unity": 1, "fk_product": 37, "available": true}}, {"model": "store.variety", "pk": 60, "fields": {"name": "lime", "price": "1.00", "stock": 50, "image": "medias_variety/lime.jpg", "fk_unity": 1, "fk_product": 38, "available": true}}, {"model": "store.variety", "pk": 61, "fields": {"name": "géant d'italie", "price": "1.00", "stock": 50, "image": "medias_variety/géant_ditalie.jpg", "fk_unity": 1, "fk_product": 39, "available": true}}, {"model": "store.variety", "pk": 62, "fields": {"name": "commune", "price": "1.00", "stock": 50, "image": "medias_variety/menthe.jpg", "fk_unity": 1, "fk_product": 40, "available": true}}, {"model": "store.variety", "pk": 63, "fields": {"name": "gariguette", "price": "1.00", "stock": 50, "image": "medias_variety/gariguette.jpeg", "fk_unity": 4, "fk_product": 41, "available": true}}, {"model": "store.variety", "pk": 64, "fields": {"name": "fallgold", "price": "1.00", "stock": 50, "image": "medias_variety/fallgold.jpg", "fk_unity": 4, "fk_product": 42, "available": true}}, {"model": "store.variety", "pk": 65, "fields": {"name": "guyot", "price": "1.00", "stock": 50, "image": "medias_variety/guyot.jpeg", "fk_unity": 1, "fk_product": 43, "available": true}}, {"model": "store.variety", "pk": 66, "fields": {"name": "comice", "price": "1.00", "stock": 15, "image": "medias_variety/comice.jpg", "fk_unity": 1, "fk_product": 43, "available": true}}, {"model": "store.variety", "pk": 67, "fields": {"name": "granny smith", "price": "1.00", "stock": 50, "image": "medias_variety/granny_smith.jpg", "fk_unity": 1, "fk_product": 44, "available": true}}, {"model": "store.variety", "pk": 68, "fields": {"name": "comté", "price": "1.00", "stock": 50, "image": "medias_variety/comté.jpg", "fk_unity": 1, "fk_product": 45, "available": true}}, {"model": "store.variety", "pk": 69, "fields": {"name": "bûche", "price": "1.00", "stock": 50, "image": "medias_variety/bûche.png", "fk_unity": 1, "fk_product": 46, "available": true}}, {"model": "store.variety", "pk": 70, "fields": {"name": "chèvre frais", "price": "1.00", "stock": 50, "image": "medias_variety/chèvre_frais.jpg", "fk_unity": 1, "fk_product": 46, "available": true}}, {"model": "store.variety", "pk": 71, "fields": {"name": "de sapin", "price": "1.00", "stock": 50, "image": "medias_variety/de_sapin.jpg", "fk_unity": 1, "fk_product": 47, "available": true}}, {"model": "store.variety", "pk": 72, "fields": {"name": "de prairie", "price": "1.00", "stock": 50, "image": "medias_variety/de_prairie.jpg", "fk_unity": 1, "fk_product": 47, "available": true}}, {"model": "store.variety", "pk": 73, "fields": {"name": "par 6", "price": "1.00", "stock": 50, "image": "medias_variety/par_6.jpg", "fk_unity": 4, "fk_product": 48, "available": true}}, {"model": "store.variety", "pk": 74, "fields": {"name": "par 12", "price": "1.00", "stock": 50, "image": "medias_variety/par_12.jpg", "fk_unity": 4, "fk_product": 48, "available": true}}, {"model": "store.day", "pk": 1, "fields": {"name": "lundi"}}, {"model": "store.day", "pk": 2, "fields": {"name": "mardi"}}, {"model": "store.day", "pk": 3, "fields": {"name": "mercredi"}}, {"model": "store.day", "pk": 4, "fields": {"name": "jeudi"}}, {"model": "store.day", "pk": 5, "fields": {"name": "vendredi"}}, {"model": "store.day", "pk": 6, "fields": {"name": "samedi"}}, {"model": "store.day", "pk": 7, "fields": {"name": "dimanche"}}, {"model": "store.timeslot", "pk": 1, "fields": {"fk_day": 3, "start_time": "17:45:00", "end_time": "19:00:00", "fk_command_type": 1}}, {"model": "store.timeslot", "pk": 2, "fields": {"fk_day": 6, "start_time": "08:00:00", "end_time": "12:30:00", "fk_command_type": 1}}, {"model": "store.timeslot", "pk": 3, "fields": {"fk_day": 4, "start_time": "08:30:00", "end_time": "11:30:00", "fk_command_type": 3}}, {"model": "store.collectlocation", "pk": 1, "fields": {"name": "Marché d'Armentières", "fk_adress": 4, "fk_command_type": 1}}, {"model": "store.collectlocation", "pk": 2, "fields": {"name": "Boulangerie au bon pain", "fk_adress": 2, "fk_command_type": 2}}, {"model": "store.collectlocation", "pk": 3, "fields": {"name": "a la ferme", "fk_adress": 5, "fk_command_type": 1}}, {"model": "store.collectlocation", "pk": 4, "fields": {"name": "A la ferme", "fk_adress": 5, "fk_command_type": 2}}, {"model": "store.locker", "pk": 1, "fields": {"number": 1, "disponibility": false, "secret_code": 2861, "fk_collect_location": 2, "fk_admin_code": 1}}, {"model": "store.locker", "pk": 2, "fields": {"number": 2, "disponibility": false, "secret_code": 8368, "fk_collect_location": 2, "fk_admin_code": 1}}, {"model": "store.locker", "pk": 3, "fields": {"number": 3, "disponibility": false, "secret_code": 1183, "fk_collect_location": 2, "fk_admin_code": 1}}, {"model": "store.locker", "pk": 4, "fields": {"number": 4, "disponibility": false, "secret_code": 9360, "fk_collect_location": 2, "fk_admin_code": 1}}, {"model": "store.locker", "pk": 5, "fields": {"number": 5, "disponibility": false, "secret_code": 7389, "fk_collect_location": 2, "fk_admin_code": 1}}, {"model": "store.locker", "pk": 6, "fields": {"number": 6, "disponibility": false, "secret_code": 2965, "fk_collect_location": 2, "fk_admin_code": 1}}, {"model": "store.deliveryslots", "pk": 1, "fields": {"fk_time_slot": 3, "max_command": 20, "delivery_area": "Armentières"}}, {"model": "store.directwithdrawal", "pk": 1, "fields": {"fk_collect_location": 1, "fk_time_slot": 2, "max_command": 50}}, {"model": "store.directwithdrawal", "pk": 2, "fields": {"fk_collect_location": 3, "fk_time_slot": 1, "max_command": 50}}, {"model": "store.client", "pk": 9, "fields": {"phone": "0670060608", "fk_client_type": 1, "fk_adress": 16}}, {"model": "store.client", "pk": 10, "fields": {"phone": null, "fk_client_type": 1, "fk_adress": 5}}, {"model": "store.cart", "pk": 398, "fields": {"fk_client": 9, "fk_variety": 3, "quantity": 8}}, {"model": "store.cart", "pk": 401, "fields": {"fk_client": 9, "fk_variety": 66, "quantity": 3}}, {"model": "store.cart", "pk": 405, "fields": {"fk_client": 9, "fk_variety": 20, "quantity": 4}}, {"model": "store.order", "pk": 19, "fields": {"fk_client": 9, "fk_locker": null, "fk_direct_withdrawal": 1, "fk_delivery": null}}, {"model": "store.order", "pk": 21, "fields": {"fk_client": 9, "fk_locker": null, "fk_direct_withdrawal": 1, "fk_delivery": null}}, {"model": "store.order", "pk": 22, "fields": {"fk_client": 9, "fk_locker": 6, "fk_direct_withdrawal": null, "fk_delivery": null}}, {"model": "store.orderhistoric", "pk": 16, "fields": {"fk_order": 19, "date_creation": "2020-09-17", "date_end": "2020-09-17", "date_cancellation": null}}, {"model": "store.orderhistoric", "pk": 18, "fields": {"fk_order": 21, "date_creation": "2020-09-17", "date_end": null, "date_cancellation": null}}, {"model": "store.orderhistoric", "pk": 19, "fields": {"fk_order": 22, "date_creation": "2020-09-17", "date_end": null, "date_cancellation": null}}, {"model": "store.orderdetail", "pk": 19, "fields": {"fk_order": 19, "fk_variety": 7, "quantity": 15}}, {"model": "store.orderdetail", "pk": 21, "fields": {"fk_order": 21, "fk_variety": 7, "quantity": 10}}, {"model": "store.orderdetail", "pk": 22, "fields": {"fk_order": 21, "fk_variety": 8, "quantity": 5}}, {"model": "store.orderdetail", "pk": 23, "fields": {"fk_order": 22, "fk_variety": 7, "quantity": 15}}, {"model": "store.minimumcommand", "pk": 1, "fields": {"amount": 15}}]