[{"model": "store.adress", "pk": 1, "fields": {"numero": 11, "rue": "rue des près", "complement": null, "code_postal": "59000", "ville": "Lille"}}, {"model": "store.adress", "pk": 2, "fields": {"numero": 40, "rue": "avenue des peupliers", "complement": null, "code_postal": "59118", "ville": "Wambrechies"}}, {"model": "store.adress", "pk": 3, "fields": {"numero": 2, "rue": "rue aux champs", "complement": null, "code_postal": "59118", "ville": "Wambrechies"}}, {"model": "store.adress", "pk": 4, "fields": {"numero": 1, "rue": "place mimosa", "complement": null, "code_postal": "59280", "ville": "Armentières"}}, {"model": "store.adress", "pk": 5, "fields": {"numero": 28, "rue": "rue du beau champs", "complement": null, "code_postal": "59890", "ville": "Quesnoy"}}, {"model": "store.adress", "pk": 6, "fields": {"numero": 1, "rue": "rue acacias", "complement": null, "code_postal": "59000", "ville": "lille"}}, {"model": "store.adress", "pk": 7, "fields": {"numero": 8, "rue": "rue des peupliers", "complement": null, "code_postal": "59000", "ville": "lille"}}, {"model": "store.adress", "pk": 8, "fields": {"numero": 8, "rue": "rue des peupliers", "complement": "", "code_postal": "59000", "ville": "lille"}}, {"model": "store.adress", "pk": 9, "fields": {"numero": 20, "rue": "rue des près", "complement": "", "code_postal": "95000", "ville": "paris"}}, {"model": "store.adress", "pk": 10, "fields": {"numero": 23, "rue": "rue bapaume", "complement": "", "code_postal": "59000", "ville": "lille"}}, {"model": "store.adress", "pk": 11, "fields": {"numero": 22, "rue": "rue mimosa", "complement": "", "code_postal": "59110", "ville": "la madeleine"}}, {"model": "store.adress", "pk": 12, "fields": {"numero": 1, "rue": "rue acacias", "complement": "", "code_postal": "59110", "ville": "la madeleine"}}, {"model": "store.adress", "pk": 13, "fields": {"numero": 21, "rue": "rue mimosa", "complement": "", "code_postal": "59110", "ville": "la madeleine"}}, {"model": "store.adress", "pk": 14, "fields": {"numero": 19, "rue": "rue mimosa", "complement": "", "code_postal": "59110", "ville": "la madeleine"}}, {"model": "store.adress", "pk": 15, "fields": {"numero": 20, "rue": "rue mimosa", "complement": "", "code_postal": "59110", "ville": "la madeleine"}}, {"model": "store.adress", "pk": 16, "fields": {"numero": 35, "rue": "rue mimosa", "complement": "", "code_postal": "59110", "ville": "la madeleine"}}, {"model": "store.adress", "pk": 17, "fields": {"numero": 34, "rue": "rue mimosa", "complement": "", "code_postal": "59110", "ville": "la madeleine"}}, {"model": "store.adress", "pk": 18, "fields": {"numero": 20, "rue": "rue magnolia", "complement": "", "code_postal": "59110", "ville": "la madeleine"}}, {"model": "store.adress", "pk": 19, "fields": {"numero": 10, "rue": "rue acacias", "complement": "", "code_postal": "90000", "ville": "paris"}}, {"model": "store.commandtype", "pk": 1, "fields": {"type": "withdrawal", "available": true}}, {"model": "store.commandtype", "pk": 2, "fields": {"type": "locker", "available": true}}, {"model": "store.commandtype", "pk": 3, "fields": {"type": "delivery", "available": true}}, {"model": "store.clienttype", "pk": 1, "fields": {"type_client": "particulier", "available": true}}, {"model": "store.clienttype", "pk": 2, "fields": {"type_client": "restaurant", "available": true}}, {"model": "store.category", "pk": 1, "fields": {"name": "légumes"}}, {"model": "store.category", "pk": 2, "fields": {"name": "aromatiques"}}, {"model": "store.category", "pk": 3, "fields": {"name": "fruits"}}, {"model": "store.category", "pk": 4, "fields": {"name": "fromages"}}, {"model": "store.category", "pk": 5, "fields": {"name": "produits de la ruche"}}, {"model": "store.category", "pk": 6, "fields": {"name": "produits du poulailler"}}, {"model": "store.unity", "pk": 1, "fields": {"type": "le kg"}}, {"model": "store.unity", "pk": 2, "fields": {"type": "la pièce"}}, {"model": "store.unity", "pk": 3, "fields": {"type": "la botte"}}, {"model": "store.unity", "pk": 4, "fields": {"type": "la barquette"}}, {"model": "store.admincode", "pk": 1, "fields": {"code": 123456}}, {"model": "store.product", "pk": 1, "fields": {"name": "salade", "fk_category": 1}}, {"model": "store.product", "pk": 2, "fields": {"name": "épinard", "fk_category": 1}}, {"model": "store.product", "pk": 3, "fields": {"name": "tomate", "fk_category": 1}}, {"model": "store.product", "pk": 4, "fields": {"name": "oignons", "fk_category": 1}}, {"model": "store.product", "pk": 5, "fields": {"name": "ail", "fk_category": 1}}, {"model": "store.product", "pk": 6, "fields": {"name": "échalotte", "fk_category": 1}}, {"model": "store.product", "pk": 7, "fields": {"name": "aubergine", "fk_category": 1}}, {"model": "store.product", "pk": 8, "fields": {"name": "Poivrons", "fk_category": 1}}, {"model": "store.product", "pk": 9, "fields": {"name": "concombre", "fk_category": 1}}, {"model": "store.product", "pk": 10, "fields": {"name": "cornichon", "fk_category": 1}}, {"model": "store.product", "pk": 11, "fields": {"name": "courgette", "fk_category": 1}}, {"model": "store.product", "pk": 12, "fields": {"name": "piment", "fk_category": 1}}, {"model": "store.product", "pk": 13, "fields": {"name": "courge", "fk_category": 1}}, {"model": "store.product", "pk": 14, "fields": {"name": "poireau", "fk_category": 1}}, {"model": "store.product", "pk": 15, "fields": {"name": "betterave", "fk_category": 1}}, {"model": "store.product", "pk": 16, "fields": {"name": "radis", "fk_category": 1}}, {"model": "store.product", "pk": 17, "fields": {"name": "carotte", "fk_category": 1}}, {"model": "store.product", "pk": 18, "fields": {"name": "brocoli", "fk_category": 1}}, {"model": "store.product", "pk": 19, "fields": {"name": "chou fleur", "fk_category": 1}}, {"model": "store.product", "pk": 20, "fields": {"name": "chou rave", "fk_category": 1}}, {"model": "store.product", "pk": 21, "fields": {"name": "chou cabus", "fk_category": 1}}, {"model": "store.product", "pk": 22, "fields": {"name": "chou kale", "fk_category": 1}}, {"model": "store.product", "pk": 23, "fields": {"name": "chou chinois", "fk_category": 1}}, {"model": "store.product", "pk": 24, "fields": {"name": "patisson", "fk_category": 1}}, {"model": "store.product", "pk": 25, "fields": {"name": "panais", "fk_category": 1}}, {"model": "store.product", "pk": 26, "fields": {"name": "celeri rave", "fk_category": 1}}, {"model": "store.product", "pk": 27, "fields": {"name": "rutaba", "fk_category": 1}}, {"model": "store.product", "pk": 28, "fields": {"name": "navet", "fk_category": 1}}, {"model": "store.product", "pk": 29, "fields": {"name": "poirée", "fk_category": 1}}, {"model": "store.product", "pk": 30, "fields": {"name": "haricot", "fk_category": 1}}, {"model": "store.product", "pk": 31, "fields": {"name": "pois", "fk_category": 1}}, {"model": "store.product", "pk": 32, "fields": {"name": "artichaut", "fk_category": 1}}, {"model": "store.product", "pk": 33, "fields": {"name": "fenouil", "fk_category": 1}}, {"model": "store.product", "pk": 34, "fields": {"name": "céleri branche", "fk_category": 1}}, {"model": "store.product", "pk": 35, "fields": {"name": "melon", "fk_category": 1}}, {"model": "store.product", "pk": 36, "fields": {"name": "ciboulette", "fk_category": 2}}, {"model": "store.product", "pk": 37, "fields": {"name": "origan", "fk_category": 2}}, {"model": "store.product", "pk": 38, "fields": {"name": "basilic", "fk_category": 2}}, {"model": "store.product", "pk": 39, "fields": {"name": "persil", "fk_category": 2}}, {"model": "store.product", "pk": 40, "fields": {"name": "menthe", "fk_category": 2}}, {"model": "store.product", "pk": 41, "fields": {"name": "fraise", "fk_category": 3}}, {"model": "store.product", "pk": 42, "fields": {"name": "framboise", "fk_category": 3}}, {"model": "store.product", "pk": 43, "fields": {"name": "poire", "fk_category": 3}}, {"model": "store.product", "pk": 44, "fields": {"name": "pomme", "fk_category": 3}}, {"model": "store.product", "pk": 45, "fields": {"name": "vache", "fk_category": 4}}, {"model": "store.product", "pk": 46, "fields": {"name": "chèvre", "fk_category": 4}}, {"model": "store.product", "pk": 47, "fields": {"name": "miel", "fk_category": 5}}, {"model": "store.product", "pk": 48, "fields": {"name": "oeufs", "fk_category": 6}}, {"model": "store.variety", "pk": 1, "fields": {"name": "laitue", "price": "1.00", "stock": 20, "image": "medias_variety/laitue.jpg", "fk_unity": 2, "fk_product": 1, "available": true}}, {"model": "store.variety", "pk": 2, "fields": {"name": "mâche", "price": "1.00", "stock": 0, "image": "medias_variety/mâche.jpg", "fk_unity": 2, "fk_product": 1, "available": true}}, {"model": "store.variety", "pk": 3, "fields": {"name": "batavia", "price": "1.00", "stock": 15, "image": "medias_variety/batavia.jpg", "fk_unity": 2, "fk_product": 1, "available": true}}, {"model": "store.variety", "pk": 4, "fields": {"name": "Matador", "price": "1.00", "stock": 49, "image": "medias_variety/Matador.jpg", "fk_unity": 1, "fk_product": 2, "available": true}}, {"model": "store.variety", "pk": 5, "fields": {"name": "Géant d'hiver", "price": "1.00", "stock": 56, "image": "medias_variety/Géant_dhiver.jpg", "fk_unity": 1, "fk_product": 2, "available": true}}, {"model": "store.variety", "pk": 6, "fields": {"name": "verdil", "price": "1.00", "stock": 50, "image": "medias_variety/Verdil.jpg", "fk_unity": 1, "fk_product": 2, "available": true}}, {"model": "store.variety", "pk": 7, "fields": {"name": "Bosque Blue", "price": "1.00", "stock": 23, "image": "medias_variety/Bosque_Blue.jpg", "fk_unity": 1, "fk_product": 3, "available": true}}, {"model": "store.variety", "pk": 8, "fields": {"name": "Coeur de boeuf", "price": "1.00", "stock": 15, "image": "medias_variety/Coeur_de_boeuf.jpg", "fk_unity": 1, "fk_product": 3, "available": true}}, {"model": "store.variety", "pk": 9, "fields": {"name": "Green zebra", "price": "1.00", "stock": 62, "image": "medias_variety/Green_zebra.jpg", "fk_unity": 1, "fk_product": 3, "available": true}}, {"model": "store.variety", "pk": 10, "fields": {"name": "Rouge de tropea", "price": "1.00", "stock": 56, "image": "medias_variety/Rouge_de_tropea.jpg", "fk_unity": 1, "fk_product": 4, "available": true}}, {"model": "store.variety", "pk": 11, "fields": {"name": "Tonda musona", "price": "1.00", "stock": 50, "image": "medias_variety/Tonda_musona.jpg", "fk_unity": 1, "fk_product": 4, "available": true}}, {"model": "store.variety", "pk": 12, "fields": {"name": "New York early", "price": "1.00", "stock": 50, "image": "medias_variety/New_York_early.jpg", "fk_unity": 1, "fk_product": 4, "available": true}}, {"model": "store.variety", "pk": 13, "fields": {"name": "commun", "price": "1.00", "stock": 50, "image": "medias_variety/ail.jpg", "fk_unity": 1, "fk_product": 5, "available": true}}, {"model": "store.variety", "pk": 14, "fields": {"name": "commune", "price": "1.00", "stock": 50, "image": "medias_variety/echalote.jpg", "fk_unity": 1, "fk_product": 6, "available": true}}, {"model": "store.variety", "pk": 15, "fields": {"name": "Bianca oval", "price": "1.00", "stock": 50, "image": "medias_variety/Bianca_oval.jpg", "fk_unity": 1, "fk_product": 7, "available": true}}, {"model": "store.variety", "pk": 16, "fields": {"name": "Japanese Pickling", "price": "1.00", "stock": 50, "image": "medias_variety/Japanese_Pickling.jpg", "fk_unity": 1, "fk_product": 7, "available": true}}, {"model": "store.variety", "pk": 17, "fields": {"name": "Bianca Rotonda", "price": "1.00", "stock": 82, "image": "medias_variety/Bianca_Rotonda.jpg", "fk_unity": 1, "fk_product": 7, "available": true}}, {"model": "store.variety", "pk": 18, "fields": {"name": "buran", "price": "1.00", "stock": 50, "image": "medias_variety/buran.jpg", "fk_unity": 1, "fk_product": 8, "available": true}}, {"model": "store.variety", "pk": 19, "fields": {"name": "sweet jemison", "price": "1.00", "stock": 50, "image": "medias_variety/sweet_jemison.jpg", "fk_unity": 1, "fk_product": 8, "available": true}}, {"model": "store.variety", "pk": 20, "fields": {"name": "georgescu chocolate", "price": "1.00", "stock": 50, "image": "medias_variety/georgescu_chocolate.jpg", "fk_unity": 1, "fk_product": 8, "available": true}}, {"model": "store.variety", "pk": 21, "fields": {"name": "long vert anglais", "price": "1.00", "stock": 50, "image": "medias_variety/long_vert_anglais.jpg", "fk_unity": 1, "fk_product": 9, "available": true}}, {"model": "store.variety", "pk": 22, "fields": {"name": "poona kheera", "price": "1.00", "stock": 50, "image": "medias_variety/poona_kheera.jpg", "fk_unity": 1, "fk_product": 9, "available": true}}, {"model": "store.variety", "pk": 23, "fields": {"name": "vert petit de paris", "price": "1.00", "stock": 50, "image": "medias_variety/vert_petit_de_paris.jpg", "fk_unity": 1, "fk_product": 10, "available": true}}, {"model": "store.variety", "pk": 24, "fields": {"name": "ronde de nice", "price": "1.00", "stock": 47, "image": "medias_variety/ronde_de_nice.jpg", "fk_unity": 1, "fk_product": 11, "available": true}}, {"model": "store.variety", "pk": 25, "fields": {"name": "striato d'italia", "price": "1.00", "stock": 50, "image": "medias_variety/striato_ditalia.jpg", "fk_unity": 1, "fk_product": 11, "available": true}}, {"model": "store.variety", "pk": 26, "fields": {"name": "cherry tine", "price": "1.00", "stock": 50, "image": "medias_variety/cherry_tine.jpg", "fk_unity": 1, "fk_product": 12, "available": true}}, {"model": "store.variety", "pk": 27, "fields": {"name": "butternut sonca orange", "price": "1.00", "stock": 50, "image": "medias_variety/butternut_sonca_orange.jpg", "fk_unity": 1, "fk_product": 13, "available": true}}, {"model": "store.variety", "pk": 28, "fields": {"name": "potimarron solor", "price": "1.00", "stock": 50, "image": "medias_variety/potimarron_solor.jpg", "fk_unity": 1, "fk_product": 13, "available": true}}, {"model": "store.variety", "pk": 29, "fields": {"name": "bleu d'hiver", "price": "1.00", "stock": 50, "image": "medias_variety/bleu_dhiver.jpg", "fk_unity": 1, "fk_product": 14, "available": true}}, {"model": "store.variety", "pk": 30, "fields": {"name": "de chioggia", "price": "1.00", "stock": 50, "image": "medias_variety/de_chioggia.jpg", "fk_unity": 3, "fk_product": 15, "available": true}}, {"model": "store.variety", "pk": 31, "fields": {"name": "golden", "price": "1.00", "stock": 50, "image": "medias_variety/golden.jpg", "fk_unity": 3, "fk_product": 15, "available": true}}, {"model": "store.variety", "pk": 32, "fields": {"name": "noir rond", "price": "1.00", "stock": 50, "image": "medias_variety/noir_rond.jpg", "fk_unity": 3, "fk_product": 16, "available": true}}, {"model": "store.variety", "pk": 33, "fields": {"name": "bleu d'automne et d'hiver", "price": "1.00", "stock": 50, "image": "medias_variety/bleu_dautomne_et_dhiver.jpg", "fk_unity": 3, "fk_product": 16, "available": true}}, {"model": "store.variety", "pk": 34, "fields": {"name": "rouge à bout blanc", "price": "1.00", "stock": 50, "image": "medias_variety/rouge_à_bout_blanc.jpg", "fk_unity": 3, "fk_product": 16, "available": true}}, {"model": "store.variety", "pk": 35, "fields": {"name": "de colmar", "price": "1.00", "stock": 50, "image": "medias_variety/de_colmar.jpg", "fk_unity": 3, "fk_product": 17, "available": true}}, {"model": "store.variety", "pk": 36, "fields": {"name": "romanesco", "price": "1.00", "stock": 50, "image": "medias_variety/romanesco.jpg", "fk_unity": 1, "fk_product": 18, "available": true}}, {"model": "store.variety", "pk": 37, "fields": {"name": "de cicco", "price": "1.00", "stock": 50, "image": "medias_variety/de_cicco.jpg", "fk_unity": 1, "fk_product": 18, "available": true}}, {"model": "store.variety", "pk": 38, "fields": {"name": "goodman", "price": "1.00", "stock": 50, "image": "medias_variety/goodman.jpg", "fk_unity": 1, "fk_product": 19, "available": true}}, {"model": "store.variety", "pk": 39, "fields": {"name": "dyna", "price": "1.00", "stock": 50, "image": "medias_variety/dyna.jpg", "fk_unity": 1, "fk_product": 20, "available": true}}, {"model": "store.variety", "pk": 40, "fields": {"name": "des quatres saisons", "price": "1.00", "stock": 50, "image": "medias_variety/des_quatres_saisons.jpg", "fk_unity": 1, "fk_product": 21, "available": true}}, {"model": "store.variety", "pk": 41, "fields": {"name": "western front", "price": "1.00", "stock": 50, "image": "medias_variety/western_front.jpg", "fk_unity": 1, "fk_product": 22, "available": true}}, {"model": "store.variety", "pk": 42, "fields": {"name": "pack choï nain", "price": "1.00", "stock": 50, "image": "medias_variety/pack_choï_nain.jpg", "fk_unity": 1, "fk_product": 23, "available": true}}, {"model": "store.variety", "pk": 43, "fields": {"name": "blanc", "price": "1.00", "stock": 50, "image": "medias_variety/blanc.jpg", "fk_unity": 1, "fk_product": 24, "available": true}}, {"model": "store.variety", "pk": 44, "fields": {"name": "white gem", "price": "1.00", "stock": 50, "image": "medias_variety/white_gem.jpg", "fk_unity": 1, "fk_product": 25, "available": true}}, {"model": "store.variety", "pk": 45, "fields": {"name": "monarch", "price": "1.00", "stock": 50, "image": "medias_variety/monarch.jpg", "fk_unity": 1, "fk_product": 26, "available": true}}, {"model": "store.variety", "pk": 46, "fields": {"name": "major dunne", "price": "1.00", "stock": 50, "image": "medias_variety/major_dunne.jpg", "fk_unity": 1, "fk_product": 27, "available": true}}, {"model": "store.variety", "pk": 47, "fields": {"name": "de milan", "price": "1.00", "stock": 50, "image": "medias_variety/de_milan.jpg", "fk_unity": 1, "fk_product": 28, "available": true}}, {"model": "store.variety", "pk": 48, "fields": {"name": "hinona kabu", "price": "1.00", "stock": 50, "image": "medias_variety/hinona_kabu.jpg", "fk_unity": 1, "fk_product": 28, "available": true}}, {"model": "store.variety", "pk": 49, "fields": {"name": "pink passion", "price": "1.00", "stock": 50, "image": "medias_variety/pink_passion.jpg", "fk_unity": 1, "fk_product": 29, "available": true}}, {"model": "store.variety", "pk": 50, "fields": {"name": "à cardes jaunes", "price": "1.00", "stock": 50, "image": "medias_variety/à_cardes_jaunes.jpg", "fk_unity": 1, "fk_product": 29, "available": true}}, {"model": "store.variety", "pk": 51, "fields": {"name": "reine des pourpres", "price": "1.00", "stock": 50, "image": "medias_variety/reine_des_pourpres.jpg", "fk_unity": 1, "fk_product": 30, "available": true}}, {"model": "store.variety", "pk": 52, "fields": {"name": "merveille de venise", "price": "1.00", "stock": 50, "image": "medias_variety/merveille_de_venise.jpg", "fk_unity": 1, "fk_product": 30, "available": true}}, {"model": "store.variety", "pk": 53, "fields": {"name": "géant suisse", "price": "1.00", "stock": 50, "image": "medias_variety/géant_suisse.jpg", "fk_unity": 1, "fk_product": 31, "available": true}}, {"model": "store.variety", "pk": 54, "fields": {"name": "imperial star", "price": "1.00", "stock": 50, "image": "medias_variety/imperial_star.jpg", "fk_unity": 1, "fk_product": 32, "available": true}}, {"model": "store.variety", "pk": 55, "fields": {"name": "zefa tardo", "price": "1.00", "stock": 50, "image": "medias_variety/zefa_tardo.png", "fk_unity": 1, "fk_product": 33, "available": true}}, {"model": "store.variety", "pk": 56, "fields": {"name": "percel", "price": "1.00", "stock": 50, "image": "medias_variety/percel.jpg", "fk_unity": 1, "fk_product": 34, "available": true}}, {"model": "store.variety", "pk": 57, "fields": {"name": "cantaloup charentais", "price": "1.00", "stock": 50, "image": "medias_variety/cantaloup_charentais.jpg", "fk_unity": 1, "fk_product": 35, "available": true}}, {"model": "store.variety", "pk": 58, "fields": {"name": "commune", "price": "1.00", "stock": 46, "image": "medias_variety/ciboulette.jpg", "fk_unity": 1, "fk_product": 36, "available": true}}, {"model": "store.variety", "pk": 59, "fields": {"name": "zaatar", "price": "1.00", "stock": 47, "image": "medias_variety/zaatar.jpg", "fk_unity": 1, "fk_product": 37, "available": true}}, {"model": "store.variety", "pk": 60, "fields": {"name": "lime", "price": "1.00", "stock": 50, "image": "medias_variety/lime.jpg", "fk_unity": 1, "fk_product": 38, "available": true}}, {"model": "store.variety", "pk": 61, "fields": {"name": "géant d'italie", "price": "1.00", "stock": 50, "image": "medias_variety/géant_ditalie.jpg", "fk_unity": 1, "fk_product": 39, "available": true}}, {"model": "store.variety", "pk": 62, "fields": {"name": "commune", "price": "1.00", "stock": 50, "image": "medias_variety/menthe.jpg", "fk_unity": 1, "fk_product": 40, "available": true}}, {"model": "store.variety", "pk": 63, "fields": {"name": "gariguette", "price": "1.00", "stock": 50, "image": "medias_variety/gariguette.jpeg", "fk_unity": 4, "fk_product": 41, "available": true}}, {"model": "store.variety", "pk": 64, "fields": {"name": "fallgold", "price": "1.00", "stock": 50, "image": "medias_variety/fallgold.jpg", "fk_unity": 4, "fk_product": 42, "available": true}}, {"model": "store.variety", "pk": 65, "fields": {"name": "guyot", "price": "1.00", "stock": 50, "image": "medias_variety/guyot.jpeg", "fk_unity": 1, "fk_product": 43, "available": true}}, {"model": "store.variety", "pk": 66, "fields": {"name": "comice", "price": "1.00", "stock": 15, "image": "medias_variety/comice.jpg", "fk_unity": 1, "fk_product": 43, "available": true}}, {"model": "store.variety", "pk": 67, "fields": {"name": "granny smith", "price": "1.00", "stock": 50, "image": "medias_variety/granny_smith.jpg", "fk_unity": 1, "fk_product": 44, "available": true}}, {"model": "store.variety", "pk": 68, "fields": {"name": "comté", "price": "1.00", "stock": 50, "image": "medias_variety/comté.jpg", "fk_unity": 1, "fk_product": 45, "available": true}}, {"model": "store.variety", "pk": 69, "fields": {"name": "bûche", "price": "1.00", "stock": 50, "image": "medias_variety/bûche.png", "fk_unity": 1, "fk_product": 46, "available": true}}, {"model": "store.variety", "pk": 70, "fields": {"name": "chèvre frais", "price": "1.00", "stock": 50, "image": "medias_variety/chèvre_frais.jpg", "fk_unity": 1, "fk_product": 46, "available": true}}, {"model": "store.variety", "pk": 71, "fields": {"name": "de sapin", "price": "1.00", "stock": 50, "image": "medias_variety/de_sapin.jpg", "fk_unity": 1, "fk_product": 47, "available": true}}, {"model": "store.variety", "pk": 72, "fields": {"name": "de prairie", "price": "1.00", "stock": 50, "image": "medias_variety/de_prairie.jpg", "fk_unity": 1, "fk_product": 47, "available": true}}, {"model": "store.variety", "pk": 73, "fields": {"name": "par 6", "price": "1.00", "stock": 50, "image": "medias_variety/par_6.jpg", "fk_unity": 4, "fk_product": 48, "available": true}}, {"model": "store.variety", "pk": 74, "fields": {"name": "par 12", "price": "1.00", "stock": 50, "image": "medias_variety/par_12.jpg", "fk_unity": 4, "fk_product": 48, "available": true}}, {"model": "store.day", "pk": 1, "fields": {"name": "lundi"}}, {"model": "store.day", "pk": 2, "fields": {"name": "mardi"}}, {"model": "store.day", "pk": 3, "fields": {"name": "mercredi"}}, {"model": "store.day", "pk": 4, "fields": {"name": "jeudi"}}, {"model": "store.day", "pk": 5, "fields": {"name": "vendredi"}}, {"model": "store.day", "pk": 6, "fields": {"name": "samedi"}}, {"model": "store.day", "pk": 7, "fields": {"name": "dimanche"}}, {"model": "store.timeslot", "pk": 1, "fields": {"fk_day": 3, "start_time": "17:45:00", "end_time": "19:00:00", "fk_command_type": 1}}, {"model": "store.timeslot", "pk": 2, "fields": {"fk_day": 6, "start_time": "08:00:00", "end_time": "12:30:00", "fk_command_type": 1}}, {"model": "store.timeslot", "pk": 3, "fields": {"fk_day": 4, "start_time": "08:30:00", "end_time": "11:30:00", "fk_command_type": 3}}, {"model": "store.collectlocation", "pk": 1, "fields": {"name": "Marché d'Armentières", "fk_adress": 4, "fk_command_type": 1}}, {"model": "store.collectlocation", "pk": 2, "fields": {"name": "Boulangerie au bon pain", "fk_adress": 2, "fk_command_type": 2}}, {"model": "store.collectlocation", "pk": 3, "fields": {"name": "a la ferme", "fk_adress": 5, "fk_command_type": 1}}, {"model": "store.collectlocation", "pk": 4, "fields": {"name": "A la ferme", "fk_adress": 5, "fk_command_type": 2}}, {"model": "store.locker", "pk": 1, "fields": {"number": 1, "disponibility": false, "secret_code": 2861, "fk_collect_location": 2, "fk_admin_code": 1}}, {"model": "store.locker", "pk": 2, "fields": {"number": 2, "disponibility": false, "secret_code": 8368, "fk_collect_location": 2, "fk_admin_code": 1}}, {"model": "store.locker", "pk": 3, "fields": {"number": 3, "disponibility": false, "secret_code": 1183, "fk_collect_location": 2, "fk_admin_code": 1}}, {"model": "store.locker", "pk": 4, "fields": {"number": 4, "disponibility": false, "secret_code": 9360, "fk_collect_location": 2, "fk_admin_code": 1}}, {"model": "store.locker", "pk": 5, "fields": {"number": 5, "disponibility": false, "secret_code": 7389, "fk_collect_location": 2, "fk_admin_code": 1}}, {"model": "store.locker", "pk": 6, "fields": {"number": 6, "disponibility": false, "secret_code": 2965, "fk_collect_location": 2, "fk_admin_code": 1}}, {"model": "store.deliveryslots", "pk": 1, "fields": {"fk_time_slot": 3, "max_command": 20, "delivery_area": "Armentières"}}, {"model": "store.directwithdrawal", "pk": 1, "fields": {"fk_collect_location": 1, "fk_time_slot": 2, "max_command": 50}}, {"model": "store.directwithdrawal", "pk": 2, "fields": {"fk_collect_location": 3, "fk_time_slot": 1, "max_command": 50}}, {"model": "store.minimumcommand", "pk": 1, "fields": {"amount": 15}}]